B47-087-258,Resene A B Sea,jpegs/Resene_A_B_Sea.jpg,true
V28-029-328,Resene Ab Fab,jpegs/Resene_Ab_Fab.jpg,true
B63-019-235,Resene Abacus,jpegs/Resene_Abacus.jpg,true
Y67-035-088,Resene Abanakee,jpegs/Resene_Abanakee.jpg,true
O64-179-050,Resene Adrenalin,jpegs/Resene_Adrenalin.jpg,false
M38-079-025,Resene Adrenalin Junkie,jpegs/Resene_Adrenalin_Junkie.jpg,false
V40-041-285,Resene Adventure,jpegs/Resene_Adventure.jpg,false
G91-027-163,Resene Aero Blue,jpegs/Resene_Aero_Blue.jpg,false
Y79-026-082,Resene AquaShield Akaroa,jpegs/Resene_AquaShield_Akaroa.jpg,false
N96-006-099,Resene Alabaster,jpegs/Resene_Alabaster.jpg,false
B81-021-266,Resene Alaska,jpegs/Resene_Alaska.jpg,false
Y90-013-085,Resene Albescent White,jpegs/Resene_Albescent_White.jpg,true
B32-019-258,Resene Allegro,jpegs/Resene_Allegro.jpg,true
M62-041-080,Resene Alloy,jpegs/Resene_Alloy.jpg,false
B51-085-212,Resene Allports,jpegs/Resene_Allports.jpg,false
N84-004-012,Resene Alto,jpegs/Resene_Alto.jpg,true
M74-003-235,Resene Aluminium,jpegs/Resene_Aluminium.jpg,false
G68-043-134,Resene Amulet,jpegs/Resene_Amulet.jpg,false
Y69-115-072,Resene Anzac,jpegs/Resene_Anzac.jpg,false
Y77-086-077,Resene Apache,jpegs/Resene_Apache.jpg,false
R54-078-026,Resene Aphrodisiac,jpegs/Resene_Aphrodisiac.jpg,false
B35-028-231,Resene Aquarium,jpegs/Resene_Aquarium.jpg,true
B70-066-222,Resene Aquarius,jpegs/Resene_Aquarius.jpg,false
Y85-015-083,Resene AquaShield Acropolis,jpegs/Resene_AquaShield_Acropolis.jpg,false
G91-025-097,Resene Arrowroot,jpegs/Resene_Arrowroot.jpg,false
Y61-022-084,Resene Arrowtown,jpegs/Resene_Arrowtown.jpg,true
G78-016-180,Resene Ashanti,jpegs/Resene_Ashanti.jpg,false
B38-052-231,Resene Astronaut Blue,jpegs/Resene_Astronaut_Blue.jpg,true
N89-004-107,Resene Athens Grey,jpegs/Resene_Athens_Grey.jpg,true
BR28-018-018,Resene Aubergine,jpegs/Resene_Aubergine.jpg,false
B33-064-279,Resene Aviator,jpegs/Resene_Aviator.jpg,true
O54-116-050,Resene Ayers Rock,jpegs/Resene_Ayers_Rock.jpg,false
R86-038-016,Resene Azalea,jpegs/Resene_Azalea.jpg,false
G33-009-187,Resene Aztec,jpegs/Resene_Aztec.jpg,true
B54-064-262,Resene Style Pasifika Lagoon Blue,jpegs/Resene_Style_Pasifika_Lagoon_Blue.jpg,false
G63-030-123,Resene Bach,jpegs/Resene_Bach.jpg,true
BR68-045-070,Resene Backcountry,jpegs/Resene_Backcountry.jpg,true
B46-084-237,Resene Bahama Blue,jpegs/Resene_Bahama_Blue.jpg,true
O58-156-046,Resene Grenadier,jpegs/Resene_Grenadier.jpg,false
N37-002-259,Resene Baltic Sea,jpegs/Resene_Baltic_Sea.jpg,true
Y84-104-081,Resene Bardot,jpegs/Resene_Bardot.jpg,false
N91-007-103,Resene Barely There,jpegs/Resene_Barely_There.jpg,true
M43-005-325,Resene Basalt,jpegs/Resene_Basalt.jpg,false
B29-009-283,Resene Style Pasifika Night Fox,jpegs/Resene_Style_Pasifika_Night_Fox.jpg,true
,Resene Wren Blue,jpegs/na75.jpg,false
BR35-024-038,Resene Bean,jpegs/Resene_Bean.jpg,true
BR55-026-075,Resene Beaten Track,jpegs/Resene_Beaten_Track.jpg,true
V36-089-292,Resene Believe,jpegs/Resene_Believe.jpg,false
V41-091-332,Resene Belladonna,jpegs/Resene_Belladonna.jpg,false
Y96-012-090,Resene Bianca,jpegs/Resene_Bianca.jpg,false
V76-058-296,Resene Biloba Flower,jpegs/Resene_Biloba_Flower.jpg,false
G45-101-174,Resene Bingo,jpegs/Resene_Bingo.jpg,false
Y35-024-081,Resene Birch,jpegs/Resene_Birch.jpg,true
Y84-026-074,Resene Biscotti,jpegs/Resene_Biscotti.jpg,true
O68-060-059,Resene Biscuit Brown,jpegs/Resene_Biscuit_Brown.jpg,true
N24-000-098,Resene Black,jpegs/Resene_Black.jpg,true
BR33-015-070,Resene Black Magic,jpegs/Resene_Black_Magic.jpg,true
B35-014-284,Resene Black Marlin,jpegs/Resene_Black_Marlin.jpg,true
B29-013-232,Resene Black Pearl,jpegs/Resene_Black_Pearl.jpg,true
N93-005-100,Resene Black White,jpegs/Resene_Black_White.jpg,false
BR25-010-052,Resene Blackout,jpegs/Resene_Blackout.jpg,true
10CW11,Resene Blackwood,jpegs/Resene_Blackwood.jpg,false
B74-041-252,Resene Blake,jpegs/Resene_Blake.jpg,false
Y88-015-078,Resene Blanc,jpegs/Resene_Blanc.jpg,true
M44-006-075,Resene Blast Grey 2,jpegs/Resene_Blast_Grey_2.jpg,false
M55-002-072,Resene Blast Grey 3,jpegs/Resene_Blast_Grey_3.jpg,false
G78-046-106,Resene Bleached Sand,jpegs/Resene_Bleached_Sand.jpg,false
B29-014-216,Resene Bledisloe,jpegs/Resene_Bledisloe.jpg,true
M62-047-083,Resene Bling Bling,jpegs/Resene_Bling_Bling.jpg,false
G62-057-202,Resene Blue Chill,jpegs/Resene_Blue_Chill.jpg,false
B39-058-260,Resene Blue Clouds,jpegs/Resene_Blue_Clouds.jpg,true
V39-091-303,Resene Blue Diamond,jpegs/Resene_Blue_Diamond.jpg,false
G63-014-149,Resene Blue Smoke,jpegs/Resene_Blue_Smoke.jpg,true
G47-064-191,Resene Blue Stone,jpegs/Resene_Blue_Stone.jpg,false
R57-080-010,Resene Blush,jpegs/Resene_Blush.jpg,false
BR64-056-079,Resene Boardwalk,jpegs/Resene_Boardwalk.jpg,false
N28-005-068,Resene Bokara Grey,jpegs/Resene_Bokara_Grey.jpg,true
G79-015-099,Resene Bone White,jpegs/Resene_Bone_White.jpg,true
R45-110-038,Resene Bonfire,jpegs/Resene_Bonfire.jpg,true
N61-006-148,Resene Boulder,jpegs/Resene_Boulder.jpg,true
R68-042-037,Resene Brandy Rose,jpegs/Resene_Brandy_Rose.jpg,false
Y52-083-071,Resene Brazil,jpegs/Resene_Brazil.jpg,true
G56-035-195,Resene Breaker Bay,jpegs/Resene_Breaker_Bay.jpg,false
R35-059-018,Resene Breakfree,jpegs/Resene_Breakfree.jpg,false
M47-006-264,Resene Bright Grey,jpegs/Resene_Bright_Grey.jpg,false
G85-160-095,Resene Bright Lights,jpegs/Resene_Bright_Lights.jpg,false
BR37-024-062,Resene Bronze,jpegs/Resene_Bronze.jpg,true
Y44-046-084,Resene Bronze Olive,jpegs/Resene_Bronze_Olive.jpg,true
Y44-044-085,Resene Bronzetone,jpegs/Resene_Bronzetone.jpg,true
Y87-185-088,Resene Broom,jpegs/Resene_Broom.jpg,false
R43-030-022,Resene Brunette,jpegs/Resene_Brunette.jpg,false
Y87-016-090,Resene Thorndon Cream,jpegs/Resene_Thorndon_Cream.jpg,false
O45-068-053,Resene Bull Shot,jpegs/Resene_Bull_Shot.jpg,true
M67-080-068,Resene Bullion,jpegs/Resene_Bullion.jpg,false
N30-006-253,Resene Bunker,jpegs/Resene_Bunker.jpg,true
B32-030-265,Resene Bunting,jpegs/Resene_Bunting.jpg,true
G35-028-166,Resene Bush,jpegs/Resene_Bush.jpg,true
WW0812,Resene Bushtrack,jpegs/Resene_Bushtrack.jpg,true
Y95-015-090,Resene Buttery White,jpegs/Resene_Buttery_White.jpg,false
1B66,Resene Blue Night,jpegs/Resene_Blue_Night.jpg,false
R32-028-015,Resene Cab Sav,jpegs/Resene_Cab_Sav.jpg,true
V22-013-354,Resene Caffeine,jpegs/Resene_Caffeine.jpg,true
R38-061-031,Resene Cajun,jpegs/Resene_Cajun.jpg,false
BR71-055-063,Resene Calibre,jpegs/Resene_Calibre.jpg,true
BR79-054-075,Resene Calico,jpegs/Resene_Calico.jpg,false
Y41-032-088,Resene Camouflage,jpegs/Resene_Camouflage.jpg,false
G36-033-117,Resene Campground,jpegs/Resene_Campground.jpg,true
R72-049-007,Resene Can Can,jpegs/Resene_Can_Can.jpg,false
BR78-045-078,Resene Canterbury Clay,jpegs/Resene_Canterbury_Clay.jpg,true
Y90-061-074,Resene Caramel,jpegs/Resene_Caramel.jpg,false
G89-010-157,Resene Carefree,jpegs/Resene_Carefree.jpg,true
R75-032-013,Resene Careys Pink,jpegs/Resene_Careys_Pink.jpg,false
Y67-029-083,Resene Cargo,jpegs/Resene_Cargo.jpg,true
BR78-038-061,Resene Cashmere,jpegs/Resene_Cashmere.jpg,true
B77-010-230,Resene Casper,jpegs/Resene_Casper.jpg,true
BR71-034-078,Resene Castaway,jpegs/Resene_Castaway.jpg,true
N90-008-126,Resene Catskill White,jpegs/Resene_Catskill_White.jpg,false
B39-018-280,Resene Catwalk,jpegs/Resene_Catwalk.jpg,true
BR34-009-020,Resene Cave Rock,jpegs/Resene_Cave_Rock.jpg,true
B43-028-245,Resene Cello,jpegs/Resene_Cello.jpg,true
G36-020-170,Resene Celtic,jpegs/Resene_Celtic.jpg,true
Y84-066-081,Resene Chalky,jpegs/Resene_Chalky.jpg,false
B48-043-265,Resene Chambray,jpegs/Resene_Chambray.jpg,true
G74-096-113,Resene Chameleon,jpegs/Resene_Chameleon.jpg,false
Y86-052-079,Resene Chamois,jpegs/Resene_Chamois.jpg,false
B87-041-214,Resene Charlotte,jpegs/Resene_Charlotte.jpg,false
R68-066-005,Resene Charm,jpegs/Resene_Charm.jpg,false
G63-098-149,Resene Chateau Green,jpegs/Resene_Chateau_Green.jpg,false
V75-014-303,Resene Chatelle,jpegs/Resene_Chatelle.jpg,true
T10CW51,Resene Cherrywood,jpegs/Resene_Cherrywood.jpg,false
R91-019-002,Resene Cherub,jpegs/Resene_Cherub.jpg,false
B60-084-279,Resene Chetwode Blue,jpegs/Resene_Chetwode_Blue.jpg,false
N25-002-289,Resene Chimney Sweep,jpegs/Resene_Chimney_Sweep.jpg,true
G95-025-093,Resene China Ivory,jpegs/Resene_China_Ivory.jpg,false
Y75-038-086,Resene Chino,jpegs/Resene_Chino.jpg,true
R52-106-030,Resene Cincinnati,jpegs/Resene_Cincinnati.jpg,false
N28-008-243,Resene Cinder,jpegs/Resene_Cinder.jpg,true
G75-168-102,Resene Citrus,jpegs/Resene_Citrus.jpg,false
G33-034-188,Resene City Limits,jpegs/Resene_City_Limits.jpg,true
10CW32,Resene Clairvoyant,jpegs/Resene_Clairvoyant.jpg,false
BR37-029-068,Resene Clinker,jpegs/Resene_Clinker.jpg,true
O59-135-056,Resene Clockwork Orange,jpegs/Resene_Clockwork_Orange.jpg,false
G43-044-119,Resene Clover,jpegs/Resene_Clover.jpg,true
R36-024-030,Resene Cocoa Bean,jpegs/Resene_Cocoa_Bean.jpg,true
BR32-019-058,Resene Cocoa Brown,jpegs/Resene_Cocoa_Brown.jpg,true
G90-027-091,Resene Coconut Cream,jpegs/Resene_Coconut_Cream.jpg,false
BR33-023-065,Resene Cola,jpegs/Resene_Cola.jpg,true
V71-052-295,Resene Cold Purple,jpegs/Resene_Cold_Purple.jpg,true
R80-015-023,Resene Cold Turkey,jpegs/Resene_Cold_Turkey.jpg,true
BR63-043-079,Resene Colins Wicket,jpegs/Resene_Colins_Wicket.jpg,true
Y89-043-083,Resene Colonial White,jpegs/Resene_Colonial_White.jpg,false
N87-002-093,Resene Concrete,jpegs/Resene_Concrete.jpg,true
O82-094-067,Resene Consuela,jpegs/Resene_Consuela.jpg,false
R65-067-031,Resene Contessa,jpegs/Resene_Contessa.jpg,false
R33-031-016,Resene Contraband,jpegs/Resene_Contraband.jpg,true
V30-028-351,Resene Conundrum,jpegs/Resene_Conundrum.jpg,false
G78-010-098,Resene Copyrite,jpegs/Resene_Copyrite.jpg,true
BR78-031-078,Resene Coral,jpegs/Resene_Coral.jpg,false
G95-040-097,Resene Corn Field,jpegs/Resene_Corn_Field.jpg,false
Y58-089-080,Resene Corn Harvest,jpegs/Resene_Corn_Harvest.jpg,false
R84-067-033,Resene Cornflower,jpegs/Resene_Cornflower.jpg,false
Y73-019-081,Resene Cougar,jpegs/Resene_Cougar.jpg,true
R43-098-039,Resene Countdown,jpegs/Resene_Countdown.jpg,false
G37-047-164,Resene County Green,jpegs/Resene_County_Green.jpg,true
R32-034-017,Resene Courage,jpegs/Resene_Courage.jpg,true
V37-018-345,Resene Couture,jpegs/Resene_Couture.jpg,true
R55-079-038,Resene Crail,jpegs/Resene_Crail.jpg,false
R53-084-002,Resene Cranberry,jpegs/Resene_Cranberry.jpg,false
R50-141-025,Resene Crash Hot,jpegs/Resene_Crash_Hot.jpg,false
WD001,Resene Crowshead,jpegs/Resene_Crowshead.jpg,true
10CW52,Resene Crowshead,jpegs/Resene_Crowshead.jpg,false
G89-032-182,Resene Cruise,jpegs/Resene_Cruise.jpg,false
B60-045-261,Resene Cruising,jpegs/Resene_Cruising.jpg,false
BR79-040-076,Resene Crusade,jpegs/Resene_Crusade.jpg,true
B85-012-208,Resene Cut Glass,jpegs/Resene_Cut_Glass.jpg,false
G58-031-173,Resene Cutty Sark,jpegs/Resene_Cutty_Sark.jpg,false
1B23,Resene Cobalt,jpegs/Resene_Cobalt.jpg,false
WD015,Resene Daintree,jpegs/Resene_Daintree.jpg,true
Y87-045-077,Resene Dairy Cream,jpegs/Resene_Dairy_Cream.jpg,false
O57-163-043,Resene Daredevil,jpegs/Resene_Daredevil.jpg,false
O57-078-063,Resene Dark Buff,jpegs/Resene_Dark_Buff.jpg,true
G46-012-198,Resene Dark Slate,jpegs/Resene_Dark_Slate.jpg,true
R37-059-029,Resene Dark Tan,jpegs/Resene_Dark_Tan.jpg,true
B37-091-284,Resene Decadence,jpegs/Resene_Decadence.jpg,false
G56-079-176,Resene Deep Sea,jpegs/Resene_Deep_Sea.jpg,false
B38-044-211,Resene Deep South,jpegs/Resene_Deep_South.jpg,false
M51-009-077,Resene Deep Space,jpegs/Resene_Deep_Space.jpg,false
N69-004-123,Resene Delta,jpegs/Resene_Delta.jpg,true
B71-053-258,Resene Delta Blue,jpegs/Resene_Delta_Blue.jpg,false
R60-126-022,Resene Desire,jpegs/Resene_Desire.jpg,false
N30-006-032,Resene Diesel,jpegs/Resene_Diesel.jpg,true
BR49-024-061,Resene Domino,jpegs/Resene_Domino.jpg,true
BR45-009-002,Resene Don Juan,jpegs/Resene_Don_Juan.jpg,true
BR57-027-064,Resene Donkey Brown,jpegs/Resene_Donkey_Brown.jpg,true
BR53-024-079,Resene Double Arrowtown,jpegs/Resene_Double_Arrowtown.jpg,true
G72-016-092,Resene Double Ash,jpegs/Resene_Double_Ash.jpg,true
Y85-019-079,Resene Double Blanc,jpegs/Resene_Double_Blanc.jpg,true
BR46-024-045,Resene Double Buffalo,jpegs/Resene_Double_Buffalo.jpg,true
BR30-012-013,Resene Double Caffeine,jpegs/Resene_Double_Caffeine.jpg,true
BR68-044-073,Resene Double Doeskin,jpegs/Resene_Double_Doeskin.jpg,true
BR70-032-073,Resene Double Drought,jpegs/Resene_Double_Drought.jpg,true
Y56-014-084,Resene Double Friar Grey,jpegs/Resene_Double_Friar_Grey.jpg,true
N37-005-114,Resene Double Gravel,jpegs/Resene_Double_Gravel.jpg,true
G64-022-101,Resene Double Lemon Grass,jpegs/Resene_Double_Lemon_Grass.jpg,true
G73-020-096,Resene Double Linen,jpegs/Resene_Double_Linen.jpg,true
BR62-023-078,Resene Double Napa,jpegs/Resene_Double_Napa.jpg,true
Y70-037-081,Resene Double Pavlova,jpegs/Resene_Double_Pavlova.jpg,true
Y92-024-085,Resene Double Pearl Lusta,jpegs/Resene_Double_Pearl_Lusta.jpg,false
N74-002-022,Resene Double Rakaia,jpegs/Resene_Double_Rakaia.jpg,true
B32-079-273,Resene Double Resolution Blue,jpegs/Resene_Double_Resolution_Blue.jpg,false
V30-010-291,Resene Double Revolver,jpegs/Resene_Double_Revolver.jpg,true
G91-012-091,Resene Double Rice Cake,jpegs/Resene_Double_Rice_Cake.jpg,false
Y84-029-081,Resene Double Spanish White,jpegs/Resene_Double_Spanish_White.jpg,false
BR54-014-073,Resene Double Stonehenge,jpegs/Resene_Double_Stonehenge.jpg,true
Y51-024-082,Resene Double Stonewall,jpegs/Resene_Double_Stonewall.jpg,true
Y74-020-081,Resene Double Tea,jpegs/Resene_Double_Tea.jpg,true
Y84-019-089,Resene Double Thorndon Cream,jpegs/Resene_Double_Thorndon_Cream.jpg,false
N83-006-043,Resene Dover White,jpegs/Resene_Dover_White.jpg,true
WD011,Resene Downriver,jpegs/Resene_Downriver.jpg,true
G80-066-182,Resene Downy,jpegs/Resene_Downy.jpg,false
BR76-028-076,Resene Drought,jpegs/Resene_Drought.jpg,true
Y92-064-090,Resene Drover,jpegs/Resene_Drover.jpg,false
BR43-047-059,Resene Drumbeat,jpegs/Resene_Drumbeat.jpg,true
Y93-034-082,Resene Dutch White,jpegs/Resene_Dutch_White.jpg,false
R37-085-029,Resene Dynamite,jpegs/Resene_Dynamite.jpg,false
G75-021-093,Resene Eagle,jpegs/Resene_Eagle.jpg,false
G72-139-091,Resene Earls Green,jpegs/Resene_Earls_Green.jpg,false
B77-030-264,Resene Squirt,jpegs/Resene_Squirt.jpg,true
N36-006-001,Resene Eclipse,jpegs/Resene_Eclipse.jpg,true
G88-016-094,Resene Joanna,jpegs/Resene_Joanna.jpg,false
V71-016-304,Resene Effortless,jpegs/Resene_Effortless.jpg,true
Y93-031-074,Resene Egg Sour,jpegs/Resene_Egg_Sour.jpg,false
N94-008-084,Resene Eighth Blanc,jpegs/Resene_Eighth_Blanc.jpg,false
BR73-011-034,Resene Eighth Buffalo,jpegs/Resene_Eighth_Buffalo.jpg,true
Y88-023-082,Resene Eighth Canterbury Clay,jpegs/Resene_Eighth_Canterbury_Clay.jpg,true
N64-005-121,Resene Eighth Gravel,jpegs/Resene_Eighth_Gravel.jpg,true
G86-018-094,Resene Eighth Hillary,jpegs/Resene_Eighth_Hillary.jpg,true
BR64-014-075,Resene Eighth Mondo,jpegs/Resene_Eighth_Mondo.jpg,true
N97-006-097,Resene Quarter Bianca,jpegs/Resene_Quarter_Bianca.jpg,false
Y81-011-079,Resene Eighth Pravda,jpegs/Resene_Eighth_Pravda.jpg,true
N79-006-075,Resene Eighth Stonehenge,jpegs/Resene_Eighth_Stonehenge.jpg,true
Y76-014-083,Resene Eighth Stonewall,jpegs/Resene_Eighth_Stonewall.jpg,true
N90-007-078,Resene Eighth Truffle,jpegs/Resene_Eighth_Truffle.jpg,true
B62-009-256,Resene Eighth Tuna,jpegs/Resene_Eighth_Tuna.jpg,true
G95-009-091,Resene Eighth Wheatfield,jpegs/Resene_Eighth_Wheatfield.jpg,false
B44-097-273,Resene Elvis,jpegs/Resene_Elvis.jpg,false
WD013,Resene Embers,jpegs/Resene_Embers.jpg,false
10CW54,Resene Emerald Green,jpegs/Resene_Emerald_Green.jpg,false
G79-010-170,Resene Emerge,jpegs/Resene_Emerge.jpg,true
WW8,Resene English Walnut,jpegs/Resene_English_Walnut.jpg,true
T10CW55,Resene English Walnut,jpegs/Resene_English_Walnut.jpg,false
B46-040-283,Resene Enigma,jpegs/Resene_Enigma.jpg,true
B81-028-221,Resene Escape,jpegs/Resene_Escape.jpg,false
G30-008-118,Resene Eternity,jpegs/Resene_Eternity.jpg,true
G52-018-096,Resene Evolution,jpegs/Resene_Evolution.jpg,true
B43-024-232,Resene Explorer,jpegs/Resene_Explorer.jpg,true
R38-068-033,Resene Fahrenheit,jpegs/Resene_Fahrenheit.jpg,false
Y79-036-089,Resene Thistle,jpegs/Resene_Thistle.jpg,false
G78-042-095,Resene Fawn Green,jpegs/Resene_Fawn_Green.jpg,false
G89-012-119,Resene Feta,jpegs/Resene_Feta.jpg,true
G37-040-133,Resene Feverpitch,jpegs/Resene_Feverpitch.jpg,true
Y52-083-084,Resene Fiddlesticks,jpegs/Resene_Fiddlesticks.jpg,true
O57-118-054,Resene Fiery Orange,jpegs/Resene_Fiery_Orange.jpg,false
G58-030-104,Resene Finch,jpegs/Resene_Finch.jpg,false
Y84-198-087,Resene Turbo,jpegs/Resene_Turbo.jpg,false
R57-120-039,Resene Flair,jpegs/Resene_Flair.jpg,false
O62-105-040,Resene Flame Pea,jpegs/Resene_Flame_Pea.jpg,false
Y92-016-088,Resene Fleece,jpegs/Resene_Fleece.jpg,false
Y72-076-085,Resene Fleetwood,jpegs/Resene_Fleetwood.jpg,false
BR78-049-063,Resene Flesh,jpegs/Resene_Flesh.jpg,true
V83-035-325,Resene Flower Power,jpegs/Resene_Flower_Power.jpg,true
R77-040-012,Resene Floyd,jpegs/Resene_Floyd.jpg,false
B76-010-243,Resene Forecast,jpegs/Resene_Forecast.jpg,true
G37-022-140,Resene Forest Green,jpegs/Resene_Forest_Green.jpg,true
Y90-057-073,Resene Frangipani,jpegs/Resene_Frangipani.jpg,false
G49-088-195,Resene Free Spirit,jpegs/Resene_Free_Spirit.jpg,false
G45-095-169,Resene Freedom,jpegs/Resene_Freedom.jpg,false
B65-081-234,Resene Freefall,jpegs/Resene_Freefall.jpg,false
Y62-010-086,Resene Friar Grey,jpegs/Resene_Friar_Grey.jpg,true
Y71-143-074,Resene Fuel Yellow,jpegs/Resene_Fuel_Yellow.jpg,false
R52-103-027,Resene Fugitive,jpegs/Resene_Fugitive.jpg,false
5.5YO65,Resene Flesh,jpegs/Resene_Flesh.jpg,false
5OR58,Resene Florentine Pink,jpegs/Resene_Florentine_Pink.jpg,false
1RO01,Resene Fudge,jpegs/Resene_Fudge.jpg,false
G40-021-185,Resene Gable Green,jpegs/Resene_Gable_Green.jpg,true
B33-047-278,Resene Galactica,jpegs/Resene_Galactica.jpg,true
M50-027-007,Resene Galaxy,jpegs/Resene_Galaxy.jpg,false
N57-006-087,Resene Gauntlet,jpegs/Resene_Gauntlet.jpg,true
G49-031-149,Resene Gecko,jpegs/Resene_Gecko.jpg,true
R49-160-036,Resene Get Reddy,jpegs/Resene_Get_Reddy.jpg,false
N85-004-213,Resene Geyser,jpegs/Resene_Geyser.jpg,true
R68-082-013,Resene Glamour Puss,jpegs/Resene_Glamour_Puss.jpg,false
M96-006-107,Resene Glistening White,jpegs/Resene_Glistening_White.jpg,false
M38-047-292,Resene Glitter,jpegs/Resene_Glitter.jpg,false
M77-020-093,Resene Glitterati,jpegs/Resene_Glitterati.jpg,false
O68-061-068,Resene Gold Coast,jpegs/Resene_Gold_Coast.jpg,true
O65-156-058,Resene Gold Drop,jpegs/Resene_Gold_Drop.jpg,false
Y78-113-077,Resene Golden Sand,jpegs/Resene_Golden_Sand.jpg,false
Y85-127-077,Resene Golden Tainoi,jpegs/Resene_Golden_Tainoi.jpg,false
B63-029-222,Resene Gothic,jpegs/Resene_Gothic.jpg,true
B50-095-281,Resene Governor Bay,jpegs/Resene_Governor_Bay.jpg,false
Y56-083-090,Resene Grass Hopper,jpegs/Resene_Grass_Hopper.jpg,false
G44-089-153,Resene Grass Stain,jpegs/Resene_Grass_Stain.jpg,true
G34-021-095,Resene Grasslands,jpegs/Resene_Grasslands.jpg,true
G48-055-134,Resene Green House,jpegs/Resene_Green_House.jpg,false
G80-038-104,Resene Green Mist,jpegs/Resene_Green_Mist.jpg,true
G45-060-159,Resene Green Pea,jpegs/Resene_Green_Pea.jpg,false
N73-006-251,Resene Grey Chateau,jpegs/Resene_Grey_Chateau.jpg,true
Y70-027-089,Resene Grey Olive,jpegs/Resene_Grey_Olive.jpg,true
R47-148-036,Resene Guardsman Red,jpegs/Resene_Guardsman_Red.jpg,false
O74-104-053,Resene Guggenheim,jpegs/Resene_Guggenheim.jpg,false
B32-011-234,Resene Gunmetal,jpegs/Resene_Gunmetal.jpg,true
N60-005-127,Resene Gunsmoke,jpegs/Resene_Gunsmoke.jpg,true
B45-019-268,Resene Haast Shale,jpegs/Resene_Haast_Shale.jpg,true
Y91-010-082,Resene Half Albescent White,jpegs/Resene_Half_Albescent_White.jpg,true
G93-026-093,Resene Half And Half,jpegs/Resene_Half_And_Half.jpg,false
Y67-019-084,Resene Half Arrowtown,jpegs/Resene_Half_Arrowtown.jpg,true
G86-016-113,Resene Half Beryl Green,jpegs/Resene_Half_Beryl_Green.jpg,false
N96-008-093,Resene Half Bianca,jpegs/Resene_Half_Bianca.jpg,false
Y91-011-080,Resene Half Blanc,jpegs/Resene_Half_Blanc.jpg,false
N33-002-017,Resene Half Bokara Grey,jpegs/Resene_Half_Bokara_Grey.jpg,true
N88-008-258,Resene Half Breathless,jpegs/Resene_Half_Breathless.jpg,true
BR69-039-080,Resene Half Colins Wicket,jpegs/Resene_Half_Colins_Wicket.jpg,true
Y92-044-086,Resene Half Colonial White,jpegs/Resene_Half_Colonial_White.jpg,false
G76-011-122,Resene Half Delta,jpegs/Resene_Half_Delta.jpg,true
N33-005-016,Resene Half Diesel,jpegs/Resene_Half_Diesel.jpg,true
G80-151-117,Resene Half Dizzy Lizzy,jpegs/Resene_Half_Dizzy_Lizzy.jpg,false
BR78-032-075,Resene Half Doeskin,jpegs/Resene_Half_Doeskin.jpg,true
G90-013-091,Resene Half Ecru White,jpegs/Resene_Half_Ecru_White.jpg,false
N84-006-164,Resene Half Emerge,jpegs/Resene_Half_Emerge.jpg,true
B85-023-223,Resene Half Escape,jpegs/Resene_Half_Escape.jpg,false
N42-002-345,Resene Half Fuscous Grey,jpegs/Resene_Half_Fuscous_Grey.jpg,true
BR68-023-070,Resene Half Gargoyle,jpegs/Resene_Half_Gargoyle.jpg,true
Y87-031-077,Resene Half Haystack,jpegs/Resene_Half_Haystack.jpg,false
G77-025-092,Resene Half Hillary,jpegs/Resene_Half_Hillary.jpg,true
N71-002-088,Resene Half Jumbo,jpegs/Resene_Half_Jumbo.jpg,true
BR71-049-060,Resene Half Kalgoorie Sands,jpegs/Resene_Half_Kalgoorie_Sands.jpg,true
N35-006-126,Resene Half Karaka,jpegs/Resene_Half_Karaka.jpg,true
BR51-008-073,Resene Half Masala,jpegs/Resene_Half_Masala.jpg,true
Y76-014-081,Resene Half Napa,jpegs/Resene_Half_Napa.jpg,true
G96-010-092,Resene Half Orchid White,jpegs/Resene_Half_Orchid_White.jpg,false
V92-013-356,Resene Half Pale Rose,jpegs/Resene_Half_Pale_Rose.jpg,false
Y88-023-090,Resene Half Parchment,jpegs/Resene_Half_Parchment.jpg,true
Y95-012-089,Resene Half Pearl Lusta,jpegs/Resene_Half_Pearl_Lusta.jpg,false
Y81-054-079,Resene Half Putty,jpegs/Resene_Half_Putty.jpg,false
BR78-022-070,Resene Half Sandcastle,jpegs/Resene_Half_Sandcastle.jpg,true
Y88-012-079,Resene Half Sandspit Brown,jpegs/Resene_Half_Sandspit_Brown.jpg,true
N53-006-336,Resene Half Sidewinder,jpegs/Resene_Half_Sidewinder.jpg,true
N80-002-146,Resene Half Silver Chalice,jpegs/Resene_Half_Silver_Chalice.jpg,true
Y84-025-082,Resene Half Sisal,jpegs/Resene_Half_Sisal.jpg,true
Y91-020-082,Resene Half Spanish White,jpegs/Resene_Half_Spanish_White.jpg,false
N70-002-168,Resene Half Stack,jpegs/Resene_Half_Stack.jpg,true
BR67-008-074,Resene Half Stonehenge,jpegs/Resene_Half_Stonehenge.jpg,true
G66-009-097,Resene Half Tapa,jpegs/Resene_Half_Tapa.jpg,true
N87-007-132,Resene Half Tasman,jpegs/Resene_Half_Tasman.jpg,true
Y71-009-090,Resene Half Taupe Grey,jpegs/Resene_Half_Taupe_Grey.jpg,true
G91-012-093,Resene Half Thorndon Cream,jpegs/Resene_Half_Thorndon_Cream.jpg,false
G90-011-092,Resene Half Titania,jpegs/Resene_Half_Titania.jpg,true
Y84-009-084,Resene Half Truffle,jpegs/Resene_Half_Truffle.jpg,true
N93-004-080,Resene Half Vista White,jpegs/Resene_Half_Vista_White.jpg,true
N93-004-098,Resene Half Wan White,jpegs/Resene_Half_Wan_White.jpg,false
G72-016-143,Resene Half Washed Green,jpegs/Resene_Half_Washed_Green.jpg,false
Y87-189-090,Resene Happy,jpegs/Resene_Happy.jpg,false
G79-120-111,Resene Happy Hour,jpegs/Resene_Happy_Hour.jpg,false
V43-062-324,Resene Style Pasifika Ocean Clam,jpegs/Resene_Style_Pasifika_Ocean_Clam.jpg,false
B63-084-258,Resene Havelock Blue,jpegs/Resene_Havelock_Blue.jpg,false
G74-014-143,Resene Haven,jpegs/Resene_Haven.jpg,true
Y84-041-077,Resene Haystack,jpegs/Resene_Haystack.jpg,true
O54-116-055,Resene Hazard,jpegs/Resene_Hazard.jpg,false
BR70-012-032,Resene Hazy Lavender,jpegs/Resene_Hazy_Lavender.jpg,true
G85-190-093,Resene Headlights,jpegs/Resene_Headlights.jpg,false
G29-009-099,Resene Helter Skelter,jpegs/Resene_Helter_Skelter.jpg,true
G44-031-095,Resene Hibernate,jpegs/Resene_Hibernate.jpg,false
10CW26,Resene Hibiscus,jpegs/Resene_Hibiscus.jpg,false
G74-042-099,Resene Hideaway,jpegs/Resene_Hideaway.jpg,true
G47-066-125,Resene High Country,jpegs/Resene_High_Country.jpg,false
O61-133-067,Resene High Five,jpegs/Resene_High_Five.jpg,false
G72-034-091,Resene Hillary,jpegs/Resene_Hillary.jpg,true
N74-006-196,Resene Hit Grey,jpegs/Resene_Hit_Grey.jpg,true
O80-092-053,Resene Hit Pink,jpegs/Resene_Hit_Pink.jpg,false
Y83-028-088,Resene Hitchhiker,jpegs/Resene_Hitchhiker.jpg,true
Y77-174-086,Resene Hive,jpegs/Resene_Hive.jpg,false
B63-034-224,Resene Horizon,jpegs/Resene_Horizon.jpg,true
M45-011-004,Resene Horoscope,jpegs/Resene_Horoscope.jpg,false
Y48-059-077,Resene Horses Neck,jpegs/Resene_Horses_Neck.jpg,true
R49-112-026,Resene Hot Spot,jpegs/Resene_Hot_Spot.jpg,false
M53-049-015,Resene Orbit,jpegs/Resene_Orbit.jpg,false
Y62-116-072,Resene Hot Toddy,jpegs/Resene_Hot_Toddy.jpg,false
Y69-089-087,Resene Husk,jpegs/Resene_Husk.jpg,false
O66-167-055,Resene Hyperactive,jpegs/Resene_Hyperactive.jpg,false
R41-104-023,Resene I C Red,jpegs/Resene_I_C_Red.jpg,false
V82-012-336,Resene I Do,jpegs/Resene_I_Do.jpg,false
G95-014-202,Resene I Spy,jpegs/Resene_I_Spy.jpg,false
N84-005-286,Resene In The Mauve,jpegs/Resene_In_The_Mauve.jpg,true
BR62-021-064,Resene Incognito,jpegs/Resene_Incognito.jpg,true
B26-017-270,Resene Indian Ink,jpegs/Resene_Indian_Ink.jpg,true
V55-012-348,Resene Innuendo,jpegs/Resene_Innuendo.jpg,true
G66-009-165,Resene Inside Back,jpegs/Resene_Inside_Back.jpg,true
WD005,Resene Iroko,jpegs/Resene_Iroko.jpg,true
N86-002-236,Resene Iron,jpegs/Resene_Iron.jpg,true
M46-019-186,Resene Isobar,jpegs/Resene_Isobar.jpg,false
M72-022-100,Resene Isotonic,jpegs/Resene_Isotonic.jpg,false
B42-022-240,Resene Ivanhoe,jpegs/Resene_Ivanhoe.jpg,true
WD019,Resene Jacaranda,jpegs/Resene_Jacaranda.jpg,true
V36-051-294,Resene Jacarta,jpegs/Resene_Jacarta.jpg,true
R37-114-026,Resene Jalapeno,jpegs/Resene_Jalapeno.jpg,false
G62-082-195,Resene Java,jpegs/Resene_Java.jpg,false
R34-058-021,Resene Jazz,jpegs/Resene_Jazz.jpg,false
R61-111-032,Resene Jive,jpegs/Resene_Jive.jpg,false
BR46-018-071,Resene Judge Grey,jpegs/Resene_Judge_Grey.jpg,true
O72-174-068,Resene Juicy,jpegs/Resene_Juicy.jpg,false
N64-001-095,Resene Jumbo,jpegs/Resene_Jumbo.jpg,true
BR52-019-061,Resene Kabul,jpegs/Resene_Kabul.jpg,true
R50-124-038,Resene Kachow,jpegs/Resene_Kachow.jpg,false
G87-027-134,Resene Kandinsky,jpegs/Resene_Kandinsky.jpg,false
G83-014-097,Resene Kangaroo,jpegs/Resene_Kangaroo.jpg,false
B55-041-254,Resene Kashmir Blue,jpegs/Resene_Kashmir_Blue.jpg,true
G36-036-141,Resene Kea,jpegs/Resene_Kea.jpg,true
G43-024-106,Resene Kelp,jpegs/Resene_Kelp.jpg,true
R80-012-017,Resene Kidman,jpegs/Resene_Kidman.jpg,true
G81-015-104,Resene Kidnapper,jpegs/Resene_Kidnapper.jpg,false
N34-005-036,Resene Kilamanjaro,jpegs/Resene_Kilamanjaro.jpg,true
R75-053-360,Resene Kobi,jpegs/Resene_Kobi.jpg,false
G57-030-094,Resene Kokoda,jpegs/Resene_Kokoda.jpg,false
BR39-049-041,Resene Komakorau,jpegs/Resene_Komakorau.jpg,false
G62-089-102,Resene Kombi,jpegs/Resene_Kombi.jpg,true
V41-093-287,Resene Kudos,jpegs/Resene_Kudos.jpg,false
WD033,Resene Kumera,jpegs/Resene_Kumera.jpg,true
G74-034-203,Resene Kumutoto,jpegs/Resene_Kumutoto.jpg,true
R50-094-024,Resene La Bamba,jpegs/Resene_La_Bamba.jpg,false
Y89-089-085,Resene La Luna,jpegs/Resene_La_Luna.jpg,false
G57-119-130,Resene La Palma,jpegs/Resene_La_Palma.jpg,false
N57-006-142,Resene Lattitude,jpegs/Resene_Lattitude.jpg,true
G63-034-145,Resene Laurel,jpegs/Resene_Laurel.jpg,true
G70-019-106,Resene Lemon Grass,jpegs/Resene_Lemon_Grass.jpg,true
G47-045-154,Resene Leprechaun,jpegs/Resene_Leprechaun.jpg,true
R41-038-034,Resene Lexington,jpegs/Resene_Lexington.jpg,false
Y56-030-087,Resene Lichen,jpegs/Resene_Lichen.jpg,true
M34-014-338,Resene Light Year,jpegs/Resene_Light_Year.jpg,false
N85-008-084,Resene Lighthouse,jpegs/Resene_Lighthouse.jpg,true
Y71-180-072,Resene Lightning Yellow,jpegs/Resene_Lightning_Yellow.jpg,false
G62-123-120,Resene Limeade,jpegs/Resene_Limeade.jpg,false
WW11,Resene Limed Ash,jpegs/Resene_Limed_Ash.jpg,true
WW12,Resene Limed Gum,jpegs/Resene_Limed_Gum.jpg,true
G80-020-097,Resene Linen,jpegs/Resene_Linen.jpg,true
G81-008-181,Resene Loblolly,jpegs/Resene_Loblolly.jpg,false
B30-032-213,Resene Loch Ness,jpegs/Resene_Loch_Ness.jpg,true
V72-025-327,Resene London Hue,jpegs/Resene_London_Hue.jpg,false
BR54-039-054,Resene Lone Ranger,jpegs/Resene_Lone_Ranger.jpg,true
R34-056-025,Resene Lonestar,jpegs/Resene_Lonestar.jpg,true
V87-014-352,Resene Lullaby,jpegs/Resene_Lullaby.jpg,false
R47-039-037,Resene Lumberjack,jpegs/Resene_Lumberjack.jpg,true
6YO30,Resene Latte,jpegs/Resene_Latte.jpg,false
5YO20,Resene Light Beige,jpegs/Resene_Light_Beige.jpg,false
3YO60,Resene Light Tan,jpegs/Resene_Light_Tan.jpg,false
B93-022-207,Resene Mabel,jpegs/Resene_Mabel.jpg,false
G30-019-194,Resene Madagascar,jpegs/Resene_Madagascar.jpg,true
R33-062-020,Resene Madam M,jpegs/Resene_Madam_M.jpg,true
N94-007-307,Resene Magnolia,jpegs/Resene_Magnolia.jpg,false
B28-023-249,Resene Magnum,jpegs/Resene_Magnum.jpg,false
10CW30,Resene Mahogany,jpegs/Resene_Mahogany.jpg,false
BR70-023-073,Resene Malta,jpegs/Resene_Malta.jpg,true
O80-063-064,Resene Manhattan,jpegs/Resene_Manhattan.jpg,false
Y83-026-071,Resene Manilla,jpegs/Resene_Manilla.jpg,true
G75-102-129,Resene Mantis,jpegs/Resene_Mantis.jpg,false
B53-094-264,Resene Mariner,jpegs/Resene_Mariner.jpg,false
V71-031-312,Resene Marionette,jpegs/Resene_Marionette.jpg,true
BR33-011-045,Resene Marlin,jpegs/Resene_Marlin.jpg,true
BR45-009-077,Resene Masala,jpegs/Resene_Masala.jpg,true
BR44-019-058,Resene Mash,jpegs/Resene_Mash.jpg,true
B63-056-274,Resene Masquerade,jpegs/Resene_Masquerade.jpg,false
O56-071-068,Resene McKenzie,jpegs/Resene_McKenzie.jpg,true
B70-043-221,Resene Meltwater,jpegs/Resene_Meltwater.jpg,true
R53-027-004,Resene Memory,jpegs/Resene_Memory.jpg,true
R53-118-022,Resene Memphis Belle,jpegs/Resene_Memphis_Belle.jpg,false
10CW15,Resene Meranti,jpegs/Resene_Meranti.jpg,false
Y91-009-076,Resene Merino,jpegs/Resene_Merino.jpg,false
N43-006-095,Resene Merlin,jpegs/Resene_Merlin.jpg,true
R41-061-021,Resene Merlot,jpegs/Resene_Merlot.jpg,false
M77-003-245,Resene Metro,jpegs/Resene_Metro.jpg,false
R51-100-031,Resene Mexican Red,jpegs/Resene_Mexican_Red.jpg,false
B31-030-276,Resene Midnight Express,jpegs/Resene_Midnight_Express.jpg,true
G31-010-167,Resene Midnight Moss,jpegs/Resene_Midnight_Moss.jpg,true
Y94-033-084,Resene Milk Punch,jpegs/Resene_Milk_Punch.jpg,false
N90-007-075,Resene Milk White,jpegs/Resene_Milk_White.jpg,false
G88-043-093,Resene Mint Julep,jpegs/Resene_Mint_Julep.jpg,false
G92-026-181,Resene Mint Tulip,jpegs/Resene_Mint_Tulip.jpg,false
V49-015-294,Resene Mobster,jpegs/Resene_Mobster.jpg,true
B75-030-221,Resene Moby,jpegs/Resene_Moby.jpg,false
R36-045-033,Resene Moccaccino,jpegs/Resene_Moccaccino.jpg,true
BR43-014-073,Resene Mondo,jpegs/Resene_Mondo.jpg,true
R41-126-033,Resene Monza,jpegs/Resene_Monza.jpg,false
G33-012-157,Resene Moroccan Palm,jpegs/Resene_Moroccan_Palm.jpg,true
O56-111-056,Resene Moroccan Spice,jpegs/Resene_Moroccan_Spice.jpg,false
V76-032-314,Resene Mozart,jpegs/Resene_Mozart.jpg,false
Y66-069-072,Resene Muddy Waters,jpegs/Resene_Muddy_Waters.jpg,true
BR63-059-076,Resene Muesli,jpegs/Resene_Muesli.jpg,true
N89-004-208,Resene Mystic,jpegs/Resene_Mystic.jpg,true
12MA40,Resene Mach Two,jpegs/Resene_Mach_Two.jpg,false
BR29-028-044,Resene Nala,jpegs/Resene_Nala.jpg,true
Y70-020-082,Resene Napa,jpegs/Resene_Napa.jpg,true
G90-009-134,Resene Narvik,jpegs/Resene_Narvik.jpg,false
R32-050-029,Resene Nelson Red,jpegs/Resene_Nelson_Red.jpg,true
B80-026-266,Resene Nemo,jpegs/Resene_Nemo.jpg,true
B72-023-237,Resene Nepal,jpegs/Resene_Nepal.jpg,false
B66-014-259,Resene Neutral Bay,jpegs/Resene_Neutral_Bay.jpg,true
G74-033-095,Resene Neutral Green,jpegs/Resene_Neutral_Green.jpg,true
G80-187-101,Resene Neva,jpegs/Resene_Neva.jpg,false
G67-091-177,Resene Niagara,jpegs/Resene_Niagara.jpg,false
B45-048-275,Resene Night Moves,jpegs/Resene_Night_Moves.jpg,true
N34-002-275,Resene Nocturnal,jpegs/Resene_Nocturnal.jpg,true
Y72-019-083,Resene Nomad,jpegs/Resene_Nomad.jpg,true
WW16,Resene Nutmeg,jpegs/Resene_Nutmeg.jpg,true
BR48-056-043,Resene Nutmeg,jpegs/Resene_Nutmeg.jpg,true
1RO77,Resene Nelson Red,jpegs/Resene_Nelson_Red.jpg,false
O47-066-064,Resene Oak,jpegs/Resene_Oak.jpg,true
Y95-035-085,Resene Oasis,jpegs/Resene_Oasis.jpg,false
BR46-016-062,Resene Oilskin,jpegs/Resene_Oilskin.jpg,true
Y62-030-087,Resene Olive Haze,jpegs/Resene_Olive_Haze.jpg,true
G55-078-095,Resene Olivetone,jpegs/Resene_Olivetone.jpg,false
O59-120-065,Resene Omega,jpegs/Resene_Omega.jpg,true
O49-061-063,Resene On Track,jpegs/Resene_On_Track.jpg,false
B91-028-220,Resene Onahau,jpegs/Resene_Onahau.jpg,false
O53-119-050,Resene Orange Roughy,jpegs/Resene_Orange_Roughy.jpg,false
Y93-017-089,Resene Orange White,jpegs/Resene_Orange_White.jpg,false
Y96-015-089,Resene Orchid White,jpegs/Resene_Orchid_White.jpg,false
G89-013-129,Resene Ottoman,jpegs/Resene_Ottoman.jpg,false
BR64-029-071,Resene Outback,jpegs/Resene_Outback.jpg,true
18MB20,Resene Optic,jpegs/Resene_Optic.jpg,false
O49-069-046,Resene Paarl,jpegs/Resene_Paarl.jpg,false
Y57-024-085,Resene Pablo,jpegs/Resene_Pablo.jpg,true
G53-083-102,Resene Pacifika,jpegs/Resene_Pacifika.jpg,false
G95-074-098,Resene Pale Prim,jpegs/Resene_Pale_Prim.jpg,false
R90-016-359,Resene Pale Rose,jpegs/Resene_Pale_Rose.jpg,false
B55-011-232,Resene Pale Sky,jpegs/Resene_Pale_Sky.jpg,true
G50-020-119,Resene Panzano,jpegs/Resene_Panzano.jpg,true
R81-030-026,Resene Paper Doll,jpegs/Resene_Paper_Doll.jpg,false
Y86-022-086,Resene Parchment,jpegs/Resene_Parchment.jpg,true
G64-038-176,Resene Patina,jpegs/Resene_Patina.jpg,false
R39-062-030,Resene Patio Red,jpegs/Resene_Patio_Red.jpg,false
G64-045-198,Resene Patriot,jpegs/Resene_Patriot.jpg,false
B91-019-237,Resene Pattens Blue,jpegs/Resene_Pattens_Blue.jpg,false
Y77-038-083,Resene Pavlova,jpegs/Resene_Pavlova.jpg,true
Y94-018-087,Resene Pearl Lusta,jpegs/Resene_Pearl_Lusta.jpg,false
B65-086-212,Resene Pelorous,jpegs/Resene_Pelorous.jpg,false
Y82-067-077,Resene Pencarrow,jpegs/Resene_Pencarrow.jpg,false
O61-082-063,Resene Pendragon,jpegs/Resene_Pendragon.jpg,false
G79-008-167,Resene Periglacial Blue,jpegs/Resene_Periglacial_Blue.jpg,false
Y88-032-075,Resene Periwinkle,jpegs/Resene_Periwinkle.jpg,false
G32-023-161,Resene Petanque,jpegs/Resene_Petanque.jpg,true
R75-050-030,Resene Petite Orchid,jpegs/Resene_Petite_Orchid.jpg,false
G70-014-150,Resene Pewter,jpegs/Resene_Pewter.jpg,true
BR53-023-065,Resene Pine Cone,jpegs/Resene_Pine_Cone.jpg,true
G80-064-104,Resene Pine Glade,jpegs/Resene_Pine_Glade.jpg,false
R39-075-033,Resene Pioneer Red,jpegs/Resene_Pioneer_Red.jpg,false
O52-105-051,Resene Piper,jpegs/Resene_Piper.jpg,false
O69-171-062,Resene Pizazz,jpegs/Resene_Pizazz.jpg,false
Y69-114-074,Resene Pizza,jpegs/Resene_Pizza.jpg,false
R36-087-023,Resene Pohutukawa,jpegs/Resene_Pohutukawa.jpg,false
G82-074-104,Resene Poprock,jpegs/Resene_Poprock.jpg,false
R58-090-014,Resene Popstar,jpegs/Resene_Popstar.jpg,false
N90-003-098,Resene Porcelain,jpegs/Resene_Porcelain.jpg,true
B72-011-221,Resene Powder Blue,jpegs/Resene_Powder_Blue.jpg,true
R47-084-037,Resene Prairie Sand,jpegs/Resene_Prairie_Sand.jpg,false
R84-034-358,Resene Princess,jpegs/Resene_Princess.jpg,false
BR72-016-053,Resene Pristine Lavender,jpegs/Resene_Pristine_Lavender.jpg,true
G80-011-123,Resene Pumice,jpegs/Resene_Pumice.jpg,true
O58-113-063,Resene Pumpkin,jpegs/Resene_Pumpkin.jpg,false
10CW27,Resene Punch,jpegs/Resene_Punch.jpg,false
Y78-066-079,Resene Putty,jpegs/Resene_Putty.jpg,false
18MB30,Resene Polarize,jpegs/Resene_Polarize.jpg,false
B50-017-273,Resene Quadrant Grey,jpegs/Resene_Quadrant_Grey.jpg,true
M59-041-256,Resene Quantum Leap,jpegs/Resene_Quantum_Leap.jpg,false
Y58-027-086,Resene Quarry Stone,jpegs/Resene_Quarry_Stone.jpg,true
G89-013-111,Resene Quarter Beryl Green,jpegs/Resene_Quarter_Beryl_Green.jpg,false
Y88-017-075,Resene Quarter Biscotti,jpegs/Resene_Quarter_Biscotti.jpg,true
Y82-040-079,Resene Quarter Canterbury Clay,jpegs/Resene_Quarter_Canterbury_Clay.jpg,true
N81-004-117,Resene Quarter Delta,jpegs/Resene_Quarter_Delta.jpg,true
Y82-025-071,Resene Quarter Doeskin,jpegs/Resene_Quarter_Doeskin.jpg,true
Y89-015-082,Resene Quarter Fossil,jpegs/Resene_Quarter_Fossil.jpg,true
N46-005-255,Resene Quarter Foundry,jpegs/Resene_Quarter_Foundry.jpg,true
Y90-024-076,Resene Quarter Haystack,jpegs/Resene_Quarter_Haystack.jpg,false
BR79-013-079,Resene Quarter Heathered Grey,jpegs/Resene_Quarter_Heathered_Grey.jpg,true
G82-002-091,Resene Quarter Hillary,jpegs/Resene_Quarter_Hillary.jpg,true
G88-011-094,Resene Quarter Linen,jpegs/Resene_Quarter_Linen.jpg,true
R60-030-030,Resene Quarter Lumberjack,jpegs/Resene_Quarter_Lumberjack.jpg,true
BR79-019-069,Resene Quarter Malta,jpegs/Resene_Quarter_Malta.jpg,true
Y81-013-083,Resene Quarter Napa,jpegs/Resene_Quarter_Napa.jpg,true
Y87-029-084,Resene Quarter Pavlova,jpegs/Resene_Quarter_Pavlova.jpg,false
Y93-025-084,Resene Quarter Popcorn,jpegs/Resene_Quarter_Popcorn.jpg,false
N81-008-221,Resene Quarter Powder Blue,jpegs/Resene_Quarter_Powder_Blue.jpg,true
BR75-013-078,Resene Quarter Pravda,jpegs/Resene_Quarter_Pravda.jpg,true
BR69-010-071,Resene Quarter Sandstone,jpegs/Resene_Quarter_Sandstone.jpg,true
N69-001-223,Resene Quarter Scarpa Flow,jpegs/Resene_Quarter_Scarpa_Flow.jpg,true
Y93-015-083,Resene Quarter Spanish White,jpegs/Resene_Quarter_Spanish_White.jpg,false
BR75-009-075,Resene Quarter Stonehenge,jpegs/Resene_Quarter_Stonehenge.jpg,true
Y72-017-084,Resene Quarter Stonewall,jpegs/Resene_Quarter_Stonewall.jpg,true
G77-008-093,Resene Quarter Taupe Grey,jpegs/Resene_Quarter_Taupe_Grey.jpg,true
Y89-010-084,Resene Quarter Tea,jpegs/Resene_Quarter_Tea.jpg,true
N87-007-077,Resene Quarter Truffle,jpegs/Resene_Quarter_Truffle.jpg,true
BR73-036-041,Resene Quicksand,jpegs/Resene_Quicksand.jpg,false
M80-015-184,Resene Quicksilver,jpegs/Resene_Quicksilver.jpg,false
R58-054-028,Resene Quickstep,jpegs/Resene_Quickstep.jpg,false
N84-008-097,Resene Quill Grey,jpegs/Resene_Quill_Grey.jpg,true
G30-012-182,Resene Racing Green,jpegs/Resene_Racing_Green.jpg,true
O80-112-066,Resene Rajah,jpegs/Resene_Rajah.jpg,false
N80-002-054,Resene Rakaia,jpegs/Resene_Rakaia.jpg,true
G46-018-104,Resene Raptor,jpegs/Resene_Raptor.jpg,true
R60-126-029,Resene Rapture,jpegs/Resene_Rapture.jpg,false
R37-107-030,Resene Razzamatazz,jpegs/Resene_Razzamatazz.jpg,false
BR34-020-035,Resene Rebel,jpegs/Resene_Rebel.jpg,true
R32-055-023,Resene Red Baron,jpegs/Resene_Red_Baron.jpg,true
R35-080-034,Resene Red Oxide,jpegs/Resene_Red_Oxide.jpg,false
V28-043-285,Resene Redemption Blue,jpegs/Resene_Redemption_Blue.jpg,true
R38-041-036,Resene Redwood,jpegs/Resene_Redwood.jpg,true
N39-008-075,Resene Relic,jpegs/Resene_Relic.jpg,true
R93-018-023,Resene Remy,jpegs/Resene_Remy.jpg,false
R53-035-009,Resene Renaissance,jpegs/Resene_Renaissance.jpg,true
R32-065-013,Resene Rendezvous,jpegs/Resene_Rendezvous.jpg,false
V34-013-289,Resene Revolver,jpegs/Resene_Revolver.jpg,true
G94-010-092,Resene Rice Cake,jpegs/Resene_Rice_Cake.jpg,false
G84-055-184,Resene Riptide,jpegs/Resene_Riptide.jpg,false
Y92-044-087,Resene Rising Star,jpegs/Resene_Rising_Star.jpg,false
G79-014-177,Resene Rivendell,jpegs/Resene_Rivendell.jpg,false
B51-010-210,Resene River Bed,jpegs/Resene_River_Bed.jpg,true
G47-022-138,Resene Rivergum,jpegs/Resene_Rivergum.jpg,true
G74-013-143,Resene Robins Egg Blue,jpegs/Resene_Robins_Egg_Blue.jpg,true
BR45-019-063,Resene Rock,jpegs/Resene_Rock.jpg,true
B72-025-255,Resene Rock Blue,jpegs/Resene_Rock_Blue.jpg,true
R47-117-038,Resene Roller Coaster,jpegs/Resene_Roller_Coaster.jpg,false
N89-006-291,Resene Rolling Fog,jpegs/Resene_Rolling_Fog.jpg,false
G59-009-202,Resene Rolling Stone,jpegs/Resene_Rolling_Stone.jpg,true
O56-129-052,Resene Rose Of Sharon,jpegs/Resene_Rose_Of_Sharon.jpg,false
R95-009-030,Resene Rose White,jpegs/Resene_Rose_White.jpg,false
R42-106-015,Resene Rosehip,jpegs/Resene_Rosehip.jpg,false
10CW18,Resene Rosewood,jpegs/Resene_Rosewood.jpg,false
G95-019-095,Resene Rum Swizzle,jpegs/Resene_Rum_Swizzle.jpg,false
O50-104-056,Resene Rumour Has It,jpegs/Resene_Rumour_Has_It.jpg,true
BR53-024-042,Resene Russett,jpegs/Resene_Russett.jpg,true
12MB30,Resene Rocket Metallic,jpegs/Resene_Rocket_Metallic.jpg,false
B55-026-213,Resene Sabbatical,jpegs/Resene_Sabbatical.jpg,true
BR45-018-050,Resene Saddle,jpegs/Resene_Saddle.jpg,true
BR36-049-065,Resene Saddle Brown,jpegs/Resene_Saddle_Brown.jpg,true
Y82-042-077,Resene Saloon,jpegs/Resene_Saloon.jpg,true
R36-080-023,Resene Salsa,jpegs/Resene_Salsa.jpg,false
V51-008-317,Resene Salt Box,jpegs/Resene_Salt_Box.jpg,true
BR61-023-068,Resene Sand Dune,jpegs/Resene_Sand_Dune.jpg,true
BR66-040-068,Resene Sandal,jpegs/Resene_Sandal.jpg,true
Y80-059-083,Resene Sandbar,jpegs/Resene_Sandbar.jpg,false
BR56-018-073,Resene Sandstone,jpegs/Resene_Sandstone.jpg,true
O61-066-048,Resene Sante Fe,jpegs/Resene_Sante_Fe.jpg,false
Y87-042-089,Resene Sapling,jpegs/Resene_Sapling.jpg,false
B48-064-268,Resene Sapphire,jpegs/Resene_Sapphire.jpg,false
G44-055-106,Resene Saratoga,jpegs/Resene_Saratoga.jpg,false
G56-022-159,Resene Scaramanga,jpegs/Resene_Scaramanga.jpg,true
V37-050-312,Resene Scarlet Gum,jpegs/Resene_Scarlet_Gum.jpg,false
R37-097-025,Resene Scarlett,jpegs/Resene_Scarlett.jpg,false
R36-049-033,Resene Scoria,jpegs/Resene_Scoria.jpg,true
N52-006-333,Resene Scorpion,jpegs/Resene_Scorpion.jpg,true
Y94-027-087,Resene Scotch Mist,jpegs/Resene_Scotch_Mist.jpg,false
N92-005-100,Resene Sea Fog,jpegs/Resene_Sea_Fog.jpg,false
B40-097-275,Resene Sea World,jpegs/Resene_Sea_World.jpg,false
B55-033-240,Resene Seachange,jpegs/Resene_Seachange.jpg,false
G84-013-114,Resene Secrets,jpegs/Resene_Secrets.jpg,true
BR78-015-067,Resene Serene,jpegs/Resene_Serene.jpg,true
G74-037-161,Resene Serenity,jpegs/Resene_Serenity.jpg,true
BR70-014-075,Resene Settlement,jpegs/Resene_Settlement.jpg,true
N34-007-264,Resene Shark,jpegs/Resene_Shark.jpg,true
B54-073-210,Resene She'll Be Right,jpegs/Resene_She'll_Be_Right.jpg,true
WW0801,Resene Sheer Black,jpegs/Resene_Sheer_Black.jpg,true
BR75-031-078,Resene Shelter,jpegs/Resene_Shelter.jpg,true
B39-058-250,Resene Shipshape,jpegs/Resene_Shipshape.jpg,true
R40-100-021,Resene Shiraz,jpegs/Resene_Shiraz.jpg,false
Y89-044-085,Resene Sidecar,jpegs/Resene_Sidecar.jpg,false
M74-009-074,Resene Silver Fern,jpegs/Resene_Silver_Fern.jpg,false
N65-003-154,Resene Silver Grey,jpegs/Resene_Silver_Grey.jpg,true
M72-001-132,Resene Silver Lining,jpegs/Resene_Silver_Lining.jpg,false
N80-006-102,Resene Silver Sand,jpegs/Resene_Silver_Sand.jpg,true
Y80-027-081,Resene Sisal,jpegs/Resene_Sisal.jpg,true
BR34-020-054,Resene Slugger,jpegs/Resene_Slugger.jpg,true
B50-023-212,Resene Smalt Blue,jpegs/Resene_Smalt_Blue.jpg,true
R43-123-029,Resene Smashing,jpegs/Resene_Smashing.jpg,false
Y84-041-081,Resene Smooth Cream,jpegs/Resene_Smooth_Cream.jpg,false
Y80-049-076,Resene Smooth Operator,jpegs/Resene_Smooth_Operator.jpg,false
N93-008-081,Resene Soapstone,jpegs/Resene_Soapstone.jpg,false
M40-044-021,Resene Solar Flare,jpegs/Resene_Solar_Flare.jpg,false
M69-066-078,Resene Solid Gold,jpegs/Resene_Solid_Gold.jpg,false
B94-011-264,Resene Solitude,jpegs/Resene_Solitude.jpg,false
G88-090-099,Resene Somerset,jpegs/Resene_Somerset.jpg,false
V29-043-293,Resene Sonic Boom,jpegs/Resene_Sonic_Boom.jpg,false
BR76-034-067,Resene Soul,jpegs/Resene_Soul.jpg,true
R80-017-038,Resene Soulmate,jpegs/Resene_Soulmate.jpg,true
BR79-030-070,Resene Sour Dough,jpegs/Resene_Sour_Dough.jpg,true
Y88-024-082,Resene Spanish White,jpegs/Resene_Spanish_White.jpg,false
M45-033-062,Resene Spark,jpegs/Resene_Spark.jpg,false
G63-050-136,Resene Spirulina,jpegs/Resene_Spirulina.jpg,false
R27-030-010,Resene Spitfire,jpegs/Resene_Spitfire.jpg,true
G85-095-100,Resene Spring Fever,jpegs/Resene_Spring_Fever.jpg,false
G60-047-150,Resene Spring Green,jpegs/Resene_Spring_Green.jpg,false
G78-030-137,Resene Spring Rain,jpegs/Resene_Spring_Rain.jpg,false
BR62-025-066,Resene Squirrel,jpegs/Resene_Squirrel.jpg,true
B36-045-231,Resene St Kilda,jpegs/Resene_St_Kilda.jpg,true
Y76-163-083,Resene Starstruck,jpegs/Resene_Starstruck.jpg,false
B52-012-262,Resene Steam Roller,jpegs/Resene_Steam_Roller.jpg,true
M70-041-245,Resene Steel Blue,jpegs/Resene_Steel_Blue.jpg,false
N42-006-256,Resene Steel Grey,jpegs/Resene_Steel_Grey.jpg,true
BR61-012-073,Resene Stonehenge,jpegs/Resene_Stonehenge.jpg,true
Y59-023-083,Resene Stonewall,jpegs/Resene_Stonewall.jpg,true
B51-024-217,Resene Streetwise,jpegs/Resene_Streetwise.jpg,false
V60-036-342,Resene Strikemaster,jpegs/Resene_Strikemaster.jpg,false
B72-025-256,Resene Style Pasifika Lagoon Spray,jpegs/Resene_Style_Pasifika_Lagoon_Spray.jpg,true
B32-025-247,Resene Style Pasifika Ocean Deep,jpegs/Resene_Style_Pasifika_Ocean_Deep.jpg,true
B67-055-207,Resene Such Fun,jpegs/Resene_Such_Fun.jpg,true
M67-062-336,Resene Sugar And Spice,jpegs/Resene_Sugar_And_Spice.jpg,false
G96-009-114,Resene Sugar Cane,jpegs/Resene_Sugar_Cane.jpg,false
R59-119-034,Resene Sunset,jpegs/Resene_Sunset.jpg,false
O77-145-066,Resene Sunshade,jpegs/Resene_Sunshade.jpg,false
G54-080-191,Resene Surfie Green,jpegs/Resene_Surfie_Green.jpg,false
B29-058-284,Resene Surfs Up,jpegs/Resene_Surfs_Up.jpg,true
R71-064-010,Resene Suzie Q,jpegs/Resene_Suzie_Q.jpg,false
G30-011-198,Resene Swamp,jpegs/Resene_Swamp.jpg,true
M66-002-254,Resene Sword,jpegs/Resene_Sword.jpg,false
4RO20,Resene Sienna,jpegs/Resene_Sienna.jpg,false
11MA30,Resene Silver Aluminium,jpegs/Resene_Silver_Aluminium.jpg,false
17MA50,Resene Stun,jpegs/Resene_Stun.jpg,false
BR46-016-074,Resene Tabac,jpegs/Resene_Tabac.jpg,true
10CW19,Resene Tabasco,jpegs/Resene_Tabasco.jpg,false
BR77-029-074,Resene Tabby,jpegs/Resene_Tabby.jpg,true
O81-079-061,Resene Tacao,jpegs/Resene_Tacao.jpg,false
R42-092-032,Resene Tall Poppy,jpegs/Resene_Tall_Poppy.jpg,false
Y71-036-087,Resene Tallow,jpegs/Resene_Tallow.jpg,true
R37-089-029,Resene Tamarillo,jpegs/Resene_Tamarillo.jpg,false
O66-147-058,Resene Tango,jpegs/Resene_Tango.jpg,false
N35-005-256,Resene Tao Grey,jpegs/Resene_Tao_Grey.jpg,false
G60-010-102,Resene Tapa,jpegs/Resene_Tapa.jpg,true
V30-030-315,Resene Tarot,jpegs/Resene_Tarot.jpg,true
N83-007-142,Resene Tasman,jpegs/Resene_Tasman.jpg,true
Y81-019-081,Resene Tea,jpegs/Resene_Tea.jpg,true
Y67-065-075,Resene Teak,jpegs/Resene_Teak.jpg,true
10CW12,Resene Teak Stain,jpegs/Resene_Teak_Stain.jpg,false
B39-040-223,Resene Teal Blue,jpegs/Resene_Teal_Blue.jpg,true
BR71-022-037,Resene Thatch,jpegs/Resene_Thatch.jpg,true
Y45-034-089,Resene Thatch Green,jpegs/Resene_Thatch_Green.jpg,true
G37-037-195,Resene Tiber,jpegs/Resene_Tiber.jpg,true
R45-092-001,Resene Tickled Pink,jpegs/Resene_Tickled_Pink.jpg,false
G94-084-102,Resene Tidal,jpegs/Resene_Tidal.jpg,false
BR77-012-056,Resene Tide,jpegs/Resene_Tide.jpg,true
Y88-117-087,Resene Tinkerbell,jpegs/Resene_Tinkerbell.jpg,false
M54-002-062,Resene Tinpan Alley,jpegs/Resene_Tinpan_Alley.jpg,false
R38-050-035,Resene Tipping Point,jpegs/Resene_Tipping_Point.jpg,true
WW0811,Resene Tiri,jpegs/Resene_Tiri.jpg,true
O53-077-055,Resene Toffee,jpegs/Resene_Toffee.jpg,true
Y77-033-087,Resene Toi Toi,jpegs/Resene_Toi_Toi.jpg,false
BR29-018-044,Resene Toorak,jpegs/Resene_Toorak.jpg,true
G28-011-098,Resene Top Gear,jpegs/Resene_Top_Gear.jpg,true
G70-153-114,Resene Top Secret,jpegs/Resene_Top_Secret.jpg,false
B68-057-214,Resene Toto,jpegs/Resene_Toto.jpg,true
WD036,Resene Touch Wood,jpegs/Resene_Touch_Wood.jpg,true
T10CW59,Resene Touch Wood,jpegs/Resene_Touch_Wood.jpg,false
M48-006-342,Resene Transformer,jpegs/Resene_Transformer.jpg,false
N72-001-160,Resene Transmission,jpegs/Resene_Transmission.jpg,true
G90-020-091,Resene Travertine,jpegs/Resene_Travertine.jpg,false
O61-167-048,Resene Trinidad,jpegs/Resene_Trinidad.jpg,false
Y69-029-083,Resene Triple Akaroa,jpegs/Resene_Triple_Akaroa.jpg,true
BR69-055-076,Resene Triple Canterbury Clay,jpegs/Resene_Triple_Canterbury_Clay.jpg,true
BR53-044-077,Resene Triple Colins Wicket,jpegs/Resene_Triple_Colins_Wicket.jpg,true
N79-002-103,Resene Triple Concrete,jpegs/Resene_Triple_Concrete.jpg,true
Y51-013-084,Resene Triple Friar Grey,jpegs/Resene_Triple_Friar_Grey.jpg,true
Y60-028-085,Resene Triple Grey Olive,jpegs/Resene_Triple_Grey_Olive.jpg,true
Y59-042-089,Resene Triple Hillary,jpegs/Resene_Triple_Hillary.jpg,true
Y75-027-079,Resene Triple Parchment,jpegs/Resene_Triple_Parchment.jpg,true
BR65-036-076,Resene Triple Pavlova,jpegs/Resene_Triple_Pavlova.jpg,true
BR68-032-078,Resene Triple Sisal,jpegs/Resene_Triple_Sisal.jpg,true
Y86-036-073,Resene Triple Solitaire,jpegs/Resene_Triple_Solitaire.jpg,false
BR72-022-079,Resene Triple Tea,jpegs/Resene_Triple_Tea.jpg,true
B84-037-250,Resene Tropical Blue,jpegs/Resene_Tropical_Blue.jpg,false
V37-078-326,Resene Troubadour,jpegs/Resene_Troubadour.jpg,false
R31-059-022,Resene Trouble,jpegs/Resene_Trouble.jpg,true
N45-008-228,Resene Trout,jpegs/Resene_Trout.jpg,true
Y78-011-083,Resene Truffle,jpegs/Resene_Truffle.jpg,true
B62-025-238,Resene Tsunami,jpegs/Resene_Tsunami.jpg,false
N39-008-260,Resene Tuna,jpegs/Resene_Tuna.jpg,true
N45-003-047,Resene Tundora,jpegs/Resene_Tundora.jpg,true
O58-086-050,Resene Tuscany,jpegs/Resene_Tuscany.jpg,false
Y68-078-073,Resene Twine,jpegs/Resene_Twine.jpg,true
Y63-050-084,Resene Twister,jpegs/Resene_Twister.jpg,true
15MA40,Resene Tube Blue,jpegs/Resene_Tube_Blue.jpg,false
N27-001-174,Resene Uhi,jpegs/Resene_Uhi.jpg,true
WW0814,Resene Uluru,jpegs/Resene_Uluru.jpg,false
N93-007-081,Resene Umber White,jpegs/Resene_Umber_White.jpg,false
G62-026-193,Resene Undercover,jpegs/Resene_Undercover.jpg,false
9BO60,Resene Umber White,jpegs/Resene_Umber_White.jpg,false
R62-121-033,Resene Valencia,jpegs/Resene_Valencia.jpg,false
V30-022-316,Resene Valentino,jpegs/Resene_Valentino.jpg,true
M50-043-094,Resene Verdigris,jpegs/Resene_Verdigris.jpg,false
G43-064-103,Resene Verdun Green,jpegs/Resene_Verdun_Green.jpg,true
O88-039-059,Resene Vienna,jpegs/Resene_Vienna.jpg,false
B73-074-214,Resene Viking,jpegs/Resene_Viking.jpg,false
G49-012-146,Resene Viktor,jpegs/Resene_Viktor.jpg,true
V72-022-292,Resene Vision,jpegs/Resene_Vision.jpg,true
G83-050-162,Resene Vista Blue,jpegs/Resene_Vista_Blue.jpg,false
V37-046-286,Resene Vortex,jpegs/Resene_Vortex.jpg,true
B49-093-279,Resene Vroom,jpegs/Resene_Vroom.jpg,false
M32-008-267,Resene Vulcan,jpegs/Resene_Vulcan.jpg,false
O81-020-048,Resene Wafer,jpegs/Resene_Wafer.jpg,false
B41-039-249,Resene Wanaka,jpegs/Resene_Wanaka.jpg,true
G64-096-105,Resene Wasabi,jpegs/Resene_Wasabi.jpg,false
Y69-142-082,Resene Wazzup,jpegs/Resene_Wazzup.jpg,false
R91-025-014,Resene We Peep,jpegs/Resene_We_Peep.jpg,false
B58-020-246,Resene Weathered Blue,jpegs/Resene_Weathered_Blue.jpg,true
O73-180-064,Resene West Side,jpegs/Resene_West_Side.jpg,false
N86-007-080,Resene Westar,jpegs/Resene_Westar.jpg,true
Y89-023-088,Resene Wheatfield,jpegs/Resene_Wheatfield.jpg,false
G54-080-149,Resene Wheel Of Fortune,jpegs/Resene_Wheel_Of_Fortune.jpg,false
G96-023-101,Resene White Nectar,jpegs/Resene_White_Nectar.jpg,false
N89-007-087,Resene White Pointer,jpegs/Resene_White_Pointer.jpg,true
G87-023-095,Resene White Rock,jpegs/Resene_White_Rock.jpg,false
N88-002-237,Resene White Thunder,jpegs/Resene_White_Thunder.jpg,true
V35-040-293,Resene Wicked,jpegs/Resene_Wicked.jpg,true
G86-088-092,Resene Wild Rice,jpegs/Resene_Wild_Rice.jpg,false
G63-046-098,Resene Wilderness,jpegs/Resene_Wilderness.jpg,false
O82-032-061,Resene Wildflower,jpegs/Resene_Wildflower.jpg,true
B34-045-255,Resene Wishing Well,jpegs/Resene_Wishing_Well.jpg,true
B65-031-208,Resene Wishlist,jpegs/Resene_Wishlist.jpg,false
R94-012-027,Resene Wisp Pink,jpegs/Resene_Wisp_Pink.jpg,false
10CW33,Resene Wisteria,jpegs/Resene_Wisteria.jpg,false
G51-034-107,Resene Woodland,jpegs/Resene_Woodland.jpg,false
Y38-025-087,Resene Woodrush,jpegs/Resene_Woodrush.jpg,true
16MB10,Resene Wizard,jpegs/Resene_Wizard.jpg,false
R37-091-022,Resene X Factor,jpegs/Resene_X_Factor.jpg,false
G62-025-136,Resene Xanadu,jpegs/Resene_Xanadu.jpg,true
G60-087-202,Resene Yabbadabbadoo,jpegs/Resene_Yabbadabbadoo.jpg,false
B48-062-249,Resene Yarra,jpegs/Resene_Yarra.jpg,false
V44-009-336,Resene Yasna,jpegs/Resene_Yasna.jpg,true
Y80-052-088,Resene Yuma,jpegs/Resene_Yuma.jpg,true
9YO20,Resene Yellow Haze,jpegs/na75.jpg,false
7YO05,Resene Yellow Squeeze,jpegs/na75.jpg,false
8YO05,Resene Yellow White,jpegs/na75.jpg,false
BR50-014-019,Resene Zambezi,jpegs/Resene_Zambezi.jpg,true
G81-021-144,Resene Zanah,jpegs/Resene_Zanah.jpg,false
V83-028-285,Resene Zappo,jpegs/Resene_Zappo.jpg,false
R45-073-025,Resene Zinger,jpegs/Resene_Zinger.jpg,true
B29-032-265,Resene Zinzan,jpegs/Resene_Zinzan.jpg,false
Y59-114-080,Resene Zion,jpegs/Resene_Zion.jpg,true
N93-005-244,Resene Zircon,jpegs/Resene_Zircon.jpg,false
N88-007-210,Resene Zumthor,jpegs/Resene_Zumthor.jpg,false
