code,name,swatch,iscool
B47-087-258,Resene A B Sea,jpegs/Resene_A_B_Sea.jpg,true
V28-029-328,Resene Ab Fab,jpegs/Resene_Ab_Fab.jpg,true
B63-019-235,Resene Abacus,jpegs/Resene_Abacus.jpg,true
Y67-035-088,Resene Abanakee,jpegs/Resene_Abanakee.jpg,true
Y90-013-085,Resene Albescent White,jpegs/Resene_Albescent_White.jpg,true
B32-019-258,Resene Allegro,jpegs/Resene_Allegro.jpg,true
N84-004-012,Resene Alto,jpegs/Resene_Alto.jpg,true
B35-028-231,Resene Aquarium,jpegs/Resene_Aquarium.jpg,true
Y61-022-084,Resene Arrowtown,jpegs/Resene_Arrowtown.jpg,true
B38-052-231,Resene Astronaut Blue,jpegs/Resene_Astronaut_Blue.jpg,true
N89-004-107,Resene Athens Grey,jpegs/Resene_Athens_Grey.jpg,true
B33-064-279,Resene Aviator,jpegs/Resene_Aviator.jpg,true
G33-009-187,Resene Aztec,jpegs/Resene_Aztec.jpg,true
G63-030-123,Resene Bach,jpegs/Resene_Bach.jpg,true
BR68-045-070,Resene Backcountry,jpegs/Resene_Backcountry.jpg,true
B46-084-237,Resene Bahama Blue,jpegs/Resene_Bahama_Blue.jpg,true
N37-002-259,Resene Baltic Sea,jpegs/Resene_Baltic_Sea.jpg,true
N91-007-103,Resene Barely There,jpegs/Resene_Barely_There.jpg,true
B29-009-283,Resene Style Pasifika Night Fox,jpegs/Resene_Style_Pasifika_Night_Fox.jpg,true
BR35-024-038,Resene Bean,jpegs/Resene_Bean.jpg,true
BR55-026-075,Resene Beaten Track,jpegs/Resene_Beaten_Track.jpg,true
Y35-024-081,Resene Birch,jpegs/Resene_Birch.jpg,true
Y84-026-074,Resene Biscotti,jpegs/Resene_Biscotti.jpg,true
O68-060-059,Resene Biscuit Brown,jpegs/Resene_Biscuit_Brown.jpg,true
N24-000-098,Resene Black,jpegs/Resene_Black.jpg,true
BR33-015-070,Resene Black Magic,jpegs/Resene_Black_Magic.jpg,true
B35-014-284,Resene Black Marlin,jpegs/Resene_Black_Marlin.jpg,true
B29-013-232,Resene Black Pearl,jpegs/Resene_Black_Pearl.jpg,true
BR25-010-052,Resene Blackout,jpegs/Resene_Blackout.jpg,true
Y88-015-078,Resene Blanc,jpegs/Resene_Blanc.jpg,true
B29-014-216,Resene Bledisloe,jpegs/Resene_Bledisloe.jpg,true
B39-058-260,Resene Blue Clouds,jpegs/Resene_Blue_Clouds.jpg,true
G63-014-149,Resene Blue Smoke,jpegs/Resene_Blue_Smoke.jpg,true
N28-005-068,Resene Bokara Grey,jpegs/Resene_Bokara_Grey.jpg,true
G79-015-099,Resene Bone White,jpegs/Resene_Bone_White.jpg,true
R45-110-038,Resene Bonfire,jpegs/Resene_Bonfire.jpg,true
N61-006-148,Resene Boulder,jpegs/Resene_Boulder.jpg,true
Y52-083-071,Resene Brazil,jpegs/Resene_Brazil.jpg,true
BR37-024-062,Resene Bronze,jpegs/Resene_Bronze.jpg,true
Y44-046-084,Resene Bronze Olive,jpegs/Resene_Bronze_Olive.jpg,true
Y44-044-085,Resene Bronzetone,jpegs/Resene_Bronzetone.jpg,true
O45-068-053,Resene Bull Shot,jpegs/Resene_Bull_Shot.jpg,true
N30-006-253,Resene Bunker,jpegs/Resene_Bunker.jpg,true
B32-030-265,Resene Bunting,jpegs/Resene_Bunting.jpg,true
G35-028-166,Resene Bush,jpegs/Resene_Bush.jpg,true
WW0812,Resene Bushtrack,jpegs/Resene_Bushtrack.jpg,true
R32-028-015,Resene Cab Sav,jpegs/Resene_Cab_Sav.jpg,true
V22-013-354,Resene Caffeine,jpegs/Resene_Caffeine.jpg,true
BR71-055-063,Resene Calibre,jpegs/Resene_Calibre.jpg,true
G36-033-117,Resene Campground,jpegs/Resene_Campground.jpg,true
BR78-045-078,Resene Canterbury Clay,jpegs/Resene_Canterbury_Clay.jpg,true
G89-010-157,Resene Carefree,jpegs/Resene_Carefree.jpg,true
Y67-029-083,Resene Cargo,jpegs/Resene_Cargo.jpg,true
BR78-038-061,Resene Cashmere,jpegs/Resene_Cashmere.jpg,true
B77-010-230,Resene Casper,jpegs/Resene_Casper.jpg,true
BR71-034-078,Resene Castaway,jpegs/Resene_Castaway.jpg,true
B39-018-280,Resene Catwalk,jpegs/Resene_Catwalk.jpg,true
BR34-009-020,Resene Cave Rock,jpegs/Resene_Cave_Rock.jpg,true
B43-028-245,Resene Cello,jpegs/Resene_Cello.jpg,true
G36-020-170,Resene Celtic,jpegs/Resene_Celtic.jpg,true
B48-043-265,Resene Chambray,jpegs/Resene_Chambray.jpg,true
V75-014-303,Resene Chatelle,jpegs/Resene_Chatelle.jpg,true
N25-002-289,Resene Chimney Sweep,jpegs/Resene_Chimney_Sweep.jpg,true
Y75-038-086,Resene Chino,jpegs/Resene_Chino.jpg,true
N28-008-243,Resene Cinder,jpegs/Resene_Cinder.jpg,true
G33-034-188,Resene City Limits,jpegs/Resene_City_Limits.jpg,true
BR37-029-068,Resene Clinker,jpegs/Resene_Clinker.jpg,true
G43-044-119,Resene Clover,jpegs/Resene_Clover.jpg,true
R36-024-030,Resene Cocoa Bean,jpegs/Resene_Cocoa_Bean.jpg,true
BR32-019-058,Resene Cocoa Brown,jpegs/Resene_Cocoa_Brown.jpg,true
BR33-023-065,Resene Cola,jpegs/Resene_Cola.jpg,true
V71-052-295,Resene Cold Purple,jpegs/Resene_Cold_Purple.jpg,true
R80-015-023,Resene Cold Turkey,jpegs/Resene_Cold_Turkey.jpg,true
BR63-043-079,Resene Colins Wicket,jpegs/Resene_Colins_Wicket.jpg,true
N87-002-093,Resene Concrete,jpegs/Resene_Concrete.jpg,true
R33-031-016,Resene Contraband,jpegs/Resene_Contraband.jpg,true
G78-010-098,Resene Copyrite,jpegs/Resene_Copyrite.jpg,true
Y73-019-081,Resene Cougar,jpegs/Resene_Cougar.jpg,true
G37-047-164,Resene County Green,jpegs/Resene_County_Green.jpg,true
R32-034-017,Resene Courage,jpegs/Resene_Courage.jpg,true
V37-018-345,Resene Couture,jpegs/Resene_Couture.jpg,true
WD001,Resene Crowshead,jpegs/Resene_Crowshead.jpg,true
BR79-040-076,Resene Crusade,jpegs/Resene_Crusade.jpg,true
WD015,Resene Daintree,jpegs/Resene_Daintree.jpg,true
O57-078-063,Resene Dark Buff,jpegs/Resene_Dark_Buff.jpg,true
G46-012-198,Resene Dark Slate,jpegs/Resene_Dark_Slate.jpg,true
R37-059-029,Resene Dark Tan,jpegs/Resene_Dark_Tan.jpg,true
N69-004-123,Resene Delta,jpegs/Resene_Delta.jpg,true
N30-006-032,Resene Diesel,jpegs/Resene_Diesel.jpg,true
BR49-024-061,Resene Domino,jpegs/Resene_Domino.jpg,true
BR45-009-002,Resene Don Juan,jpegs/Resene_Don_Juan.jpg,true
BR57-027-064,Resene Donkey Brown,jpegs/Resene_Donkey_Brown.jpg,true
BR53-024-079,Resene Double Arrowtown,jpegs/Resene_Double_Arrowtown.jpg,true
G72-016-092,Resene Double Ash,jpegs/Resene_Double_Ash.jpg,true
Y85-019-079,Resene Double Blanc,jpegs/Resene_Double_Blanc.jpg,true
BR46-024-045,Resene Double Buffalo,jpegs/Resene_Double_Buffalo.jpg,true
BR30-012-013,Resene Double Caffeine,jpegs/Resene_Double_Caffeine.jpg,true
BR68-044-073,Resene Double Doeskin,jpegs/Resene_Double_Doeskin.jpg,true
BR70-032-073,Resene Double Drought,jpegs/Resene_Double_Drought.jpg,true
Y56-014-084,Resene Double Friar Grey,jpegs/Resene_Double_Friar_Grey.jpg,true
N37-005-114,Resene Double Gravel,jpegs/Resene_Double_Gravel.jpg,true
G64-022-101,Resene Double Lemon Grass,jpegs/Resene_Double_Lemon_Grass.jpg,true
G73-020-096,Resene Double Linen,jpegs/Resene_Double_Linen.jpg,true
BR62-023-078,Resene Double Napa,jpegs/Resene_Double_Napa.jpg,true
Y70-037-081,Resene Double Pavlova,jpegs/Resene_Double_Pavlova.jpg,true
N74-002-022,Resene Double Rakaia,jpegs/Resene_Double_Rakaia.jpg,true
V30-010-291,Resene Double Revolver,jpegs/Resene_Double_Revolver.jpg,true
BR54-014-073,Resene Double Stonehenge,jpegs/Resene_Double_Stonehenge.jpg,true
Y51-024-082,Resene Double Stonewall,jpegs/Resene_Double_Stonewall.jpg,true
Y74-020-081,Resene Double Tea,jpegs/Resene_Double_Tea.jpg,true
N83-006-043,Resene Dover White,jpegs/Resene_Dover_White.jpg,true
WD011,Resene Downriver,jpegs/Resene_Downriver.jpg,true
BR76-028-076,Resene Drought,jpegs/Resene_Drought.jpg,true
BR43-047-059,Resene Drumbeat,jpegs/Resene_Drumbeat.jpg,true
B77-030-264,Resene Squirt,jpegs/Resene_Squirt.jpg,true
N36-006-001,Resene Eclipse,jpegs/Resene_Eclipse.jpg,true
V71-016-304,Resene Effortless,jpegs/Resene_Effortless.jpg,true
BR73-011-034,Resene Eighth Buffalo,jpegs/Resene_Eighth_Buffalo.jpg,true
Y88-023-082,Resene Eighth Canterbury Clay,jpegs/Resene_Eighth_Canterbury_Clay.jpg,true
N64-005-121,Resene Eighth Gravel,jpegs/Resene_Eighth_Gravel.jpg,true
G86-018-094,Resene Eighth Hillary,jpegs/Resene_Eighth_Hillary.jpg,true
BR64-014-075,Resene Eighth Mondo,jpegs/Resene_Eighth_Mondo.jpg,true
Y81-011-079,Resene Eighth Pravda,jpegs/Resene_Eighth_Pravda.jpg,true
N79-006-075,Resene Eighth Stonehenge,jpegs/Resene_Eighth_Stonehenge.jpg,true
Y76-014-083,Resene Eighth Stonewall,jpegs/Resene_Eighth_Stonewall.jpg,true
N90-007-078,Resene Eighth Truffle,jpegs/Resene_Eighth_Truffle.jpg,true
B62-009-256,Resene Eighth Tuna,jpegs/Resene_Eighth_Tuna.jpg,true
G79-010-170,Resene Emerge,jpegs/Resene_Emerge.jpg,true
WW8,Resene English Walnut,jpegs/Resene_English_Walnut.jpg,true
B46-040-283,Resene Enigma,jpegs/Resene_Enigma.jpg,true
G30-008-118,Resene Eternity,jpegs/Resene_Eternity.jpg,true
G52-018-096,Resene Evolution,jpegs/Resene_Evolution.jpg,true
B43-024-232,Resene Explorer,jpegs/Resene_Explorer.jpg,true
G89-012-119,Resene Feta,jpegs/Resene_Feta.jpg,true
G37-040-133,Resene Feverpitch,jpegs/Resene_Feverpitch.jpg,true
Y52-083-084,Resene Fiddlesticks,jpegs/Resene_Fiddlesticks.jpg,true
BR78-049-063,Resene Flesh,jpegs/Resene_Flesh.jpg,true
V83-035-325,Resene Flower Power,jpegs/Resene_Flower_Power.jpg,true
B76-010-243,Resene Forecast,jpegs/Resene_Forecast.jpg,true
G37-022-140,Resene Forest Green,jpegs/Resene_Forest_Green.jpg,true
Y62-010-086,Resene Friar Grey,jpegs/Resene_Friar_Grey.jpg,true
G40-021-185,Resene Gable Green,jpegs/Resene_Gable_Green.jpg,true
B33-047-278,Resene Galactica,jpegs/Resene_Galactica.jpg,true
N57-006-087,Resene Gauntlet,jpegs/Resene_Gauntlet.jpg,true
G49-031-149,Resene Gecko,jpegs/Resene_Gecko.jpg,true
N85-004-213,Resene Geyser,jpegs/Resene_Geyser.jpg,true
O68-061-068,Resene Gold Coast,jpegs/Resene_Gold_Coast.jpg,true
B63-029-222,Resene Gothic,jpegs/Resene_Gothic.jpg,true
G44-089-153,Resene Grass Stain,jpegs/Resene_Grass_Stain.jpg,true
G34-021-095,Resene Grasslands,jpegs/Resene_Grasslands.jpg,true
G80-038-104,Resene Green Mist,jpegs/Resene_Green_Mist.jpg,true
N73-006-251,Resene Grey Chateau,jpegs/Resene_Grey_Chateau.jpg,true
Y70-027-089,Resene Grey Olive,jpegs/Resene_Grey_Olive.jpg,true
B32-011-234,Resene Gunmetal,jpegs/Resene_Gunmetal.jpg,true
N60-005-127,Resene Gunsmoke,jpegs/Resene_Gunsmoke.jpg,true
B45-019-268,Resene Haast Shale,jpegs/Resene_Haast_Shale.jpg,true
Y91-010-082,Resene Half Albescent White,jpegs/Resene_Half_Albescent_White.jpg,true
Y67-019-084,Resene Half Arrowtown,jpegs/Resene_Half_Arrowtown.jpg,true
N33-002-017,Resene Half Bokara Grey,jpegs/Resene_Half_Bokara_Grey.jpg,true
N88-008-258,Resene Half Breathless,jpegs/Resene_Half_Breathless.jpg,true
BR69-039-080,Resene Half Colins Wicket,jpegs/Resene_Half_Colins_Wicket.jpg,true
G76-011-122,Resene Half Delta,jpegs/Resene_Half_Delta.jpg,true
N33-005-016,Resene Half Diesel,jpegs/Resene_Half_Diesel.jpg,true
BR78-032-075,Resene Half Doeskin,jpegs/Resene_Half_Doeskin.jpg,true
N84-006-164,Resene Half Emerge,jpegs/Resene_Half_Emerge.jpg,true
N42-002-345,Resene Half Fuscous Grey,jpegs/Resene_Half_Fuscous_Grey.jpg,true
BR68-023-070,Resene Half Gargoyle,jpegs/Resene_Half_Gargoyle.jpg,true
G77-025-092,Resene Half Hillary,jpegs/Resene_Half_Hillary.jpg,true
N71-002-088,Resene Half Jumbo,jpegs/Resene_Half_Jumbo.jpg,true
BR71-049-060,Resene Half Kalgoorie Sands,jpegs/Resene_Half_Kalgoorie_Sands.jpg,true
N35-006-126,Resene Half Karaka,jpegs/Resene_Half_Karaka.jpg,true
BR51-008-073,Resene Half Masala,jpegs/Resene_Half_Masala.jpg,true
Y76-014-081,Resene Half Napa,jpegs/Resene_Half_Napa.jpg,true
Y88-023-090,Resene Half Parchment,jpegs/Resene_Half_Parchment.jpg,true
BR78-022-070,Resene Half Sandcastle,jpegs/Resene_Half_Sandcastle.jpg,true
Y88-012-079,Resene Half Sandspit Brown,jpegs/Resene_Half_Sandspit_Brown.jpg,true
N53-006-336,Resene Half Sidewinder,jpegs/Resene_Half_Sidewinder.jpg,true
N80-002-146,Resene Half Silver Chalice,jpegs/Resene_Half_Silver_Chalice.jpg,true
Y84-025-082,Resene Half Sisal,jpegs/Resene_Half_Sisal.jpg,true
N70-002-168,Resene Half Stack,jpegs/Resene_Half_Stack.jpg,true
BR67-008-074,Resene Half Stonehenge,jpegs/Resene_Half_Stonehenge.jpg,true
G66-009-097,Resene Half Tapa,jpegs/Resene_Half_Tapa.jpg,true
N87-007-132,Resene Half Tasman,jpegs/Resene_Half_Tasman.jpg,true
Y71-009-090,Resene Half Taupe Grey,jpegs/Resene_Half_Taupe_Grey.jpg,true
G90-011-092,Resene Half Titania,jpegs/Resene_Half_Titania.jpg,true
Y84-009-084,Resene Half Truffle,jpegs/Resene_Half_Truffle.jpg,true
N93-004-080,Resene Half Vista White,jpegs/Resene_Half_Vista_White.jpg,true
G74-014-143,Resene Haven,jpegs/Resene_Haven.jpg,true
Y84-041-077,Resene Haystack,jpegs/Resene_Haystack.jpg,true
BR70-012-032,Resene Hazy Lavender,jpegs/Resene_Hazy_Lavender.jpg,true
G29-009-099,Resene Helter Skelter,jpegs/Resene_Helter_Skelter.jpg,true
G74-042-099,Resene Hideaway,jpegs/Resene_Hideaway.jpg,true
G72-034-091,Resene Hillary,jpegs/Resene_Hillary.jpg,true
N74-006-196,Resene Hit Grey,jpegs/Resene_Hit_Grey.jpg,true
Y83-028-088,Resene Hitchhiker,jpegs/Resene_Hitchhiker.jpg,true
B63-034-224,Resene Horizon,jpegs/Resene_Horizon.jpg,true
Y48-059-077,Resene Horses Neck,jpegs/Resene_Horses_Neck.jpg,true
N84-005-286,Resene In The Mauve,jpegs/Resene_In_The_Mauve.jpg,true
BR62-021-064,Resene Incognito,jpegs/Resene_Incognito.jpg,true
B26-017-270,Resene Indian Ink,jpegs/Resene_Indian_Ink.jpg,true
V55-012-348,Resene Innuendo,jpegs/Resene_Innuendo.jpg,true
G66-009-165,Resene Inside Back,jpegs/Resene_Inside_Back.jpg,true
WD005,Resene Iroko,jpegs/Resene_Iroko.jpg,true
N86-002-236,Resene Iron,jpegs/Resene_Iron.jpg,true
B42-022-240,Resene Ivanhoe,jpegs/Resene_Ivanhoe.jpg,true
WD019,Resene Jacaranda,jpegs/Resene_Jacaranda.jpg,true
V36-051-294,Resene Jacarta,jpegs/Resene_Jacarta.jpg,true
BR46-018-071,Resene Judge Grey,jpegs/Resene_Judge_Grey.jpg,true
N64-001-095,Resene Jumbo,jpegs/Resene_Jumbo.jpg,true
BR52-019-061,Resene Kabul,jpegs/Resene_Kabul.jpg,true
B55-041-254,Resene Kashmir Blue,jpegs/Resene_Kashmir_Blue.jpg,true
G36-036-141,Resene Kea,jpegs/Resene_Kea.jpg,true
G43-024-106,Resene Kelp,jpegs/Resene_Kelp.jpg,true
R80-012-017,Resene Kidman,jpegs/Resene_Kidman.jpg,true
N34-005-036,Resene Kilamanjaro,jpegs/Resene_Kilamanjaro.jpg,true
G62-089-102,Resene Kombi,jpegs/Resene_Kombi.jpg,true
WD033,Resene Kumera,jpegs/Resene_Kumera.jpg,true
G74-034-203,Resene Kumutoto,jpegs/Resene_Kumutoto.jpg,true
N57-006-142,Resene Lattitude,jpegs/Resene_Lattitude.jpg,true
G63-034-145,Resene Laurel,jpegs/Resene_Laurel.jpg,true
G70-019-106,Resene Lemon Grass,jpegs/Resene_Lemon_Grass.jpg,true
G47-045-154,Resene Leprechaun,jpegs/Resene_Leprechaun.jpg,true
Y56-030-087,Resene Lichen,jpegs/Resene_Lichen.jpg,true
N85-008-084,Resene Lighthouse,jpegs/Resene_Lighthouse.jpg,true
WW11,Resene Limed Ash,jpegs/Resene_Limed_Ash.jpg,true
WW12,Resene Limed Gum,jpegs/Resene_Limed_Gum.jpg,true
G80-020-097,Resene Linen,jpegs/Resene_Linen.jpg,true
B30-032-213,Resene Loch Ness,jpegs/Resene_Loch_Ness.jpg,true
BR54-039-054,Resene Lone Ranger,jpegs/Resene_Lone_Ranger.jpg,true
R34-056-025,Resene Lonestar,jpegs/Resene_Lonestar.jpg,true
R47-039-037,Resene Lumberjack,jpegs/Resene_Lumberjack.jpg,true
G30-019-194,Resene Madagascar,jpegs/Resene_Madagascar.jpg,true
R33-062-020,Resene Madam M,jpegs/Resene_Madam_M.jpg,true
BR70-023-073,Resene Malta,jpegs/Resene_Malta.jpg,true
Y83-026-071,Resene Manilla,jpegs/Resene_Manilla.jpg,true
V71-031-312,Resene Marionette,jpegs/Resene_Marionette.jpg,true
BR33-011-045,Resene Marlin,jpegs/Resene_Marlin.jpg,true
BR45-009-077,Resene Masala,jpegs/Resene_Masala.jpg,true
BR44-019-058,Resene Mash,jpegs/Resene_Mash.jpg,true
O56-071-068,Resene McKenzie,jpegs/Resene_McKenzie.jpg,true
B70-043-221,Resene Meltwater,jpegs/Resene_Meltwater.jpg,true
R53-027-004,Resene Memory,jpegs/Resene_Memory.jpg,true
N43-006-095,Resene Merlin,jpegs/Resene_Merlin.jpg,true
B31-030-276,Resene Midnight Express,jpegs/Resene_Midnight_Express.jpg,true
G31-010-167,Resene Midnight Moss,jpegs/Resene_Midnight_Moss.jpg,true
V49-015-294,Resene Mobster,jpegs/Resene_Mobster.jpg,true
R36-045-033,Resene Moccaccino,jpegs/Resene_Moccaccino.jpg,true
BR43-014-073,Resene Mondo,jpegs/Resene_Mondo.jpg,true
G33-012-157,Resene Moroccan Palm,jpegs/Resene_Moroccan_Palm.jpg,true
Y66-069-072,Resene Muddy Waters,jpegs/Resene_Muddy_Waters.jpg,true
BR63-059-076,Resene Muesli,jpegs/Resene_Muesli.jpg,true
N89-004-208,Resene Mystic,jpegs/Resene_Mystic.jpg,true
BR29-028-044,Resene Nala,jpegs/Resene_Nala.jpg,true
Y70-020-082,Resene Napa,jpegs/Resene_Napa.jpg,true
R32-050-029,Resene Nelson Red,jpegs/Resene_Nelson_Red.jpg,true
B80-026-266,Resene Nemo,jpegs/Resene_Nemo.jpg,true
B66-014-259,Resene Neutral Bay,jpegs/Resene_Neutral_Bay.jpg,true
G74-033-095,Resene Neutral Green,jpegs/Resene_Neutral_Green.jpg,true
B45-048-275,Resene Night Moves,jpegs/Resene_Night_Moves.jpg,true
N34-002-275,Resene Nocturnal,jpegs/Resene_Nocturnal.jpg,true
Y72-019-083,Resene Nomad,jpegs/Resene_Nomad.jpg,true
WW16,Resene Nutmeg,jpegs/Resene_Nutmeg.jpg,true
BR48-056-043,Resene Nutmeg,jpegs/Resene_Nutmeg.jpg,true
O47-066-064,Resene Oak,jpegs/Resene_Oak.jpg,true
BR46-016-062,Resene Oilskin,jpegs/Resene_Oilskin.jpg,true
Y62-030-087,Resene Olive Haze,jpegs/Resene_Olive_Haze.jpg,true
O59-120-065,Resene Omega,jpegs/Resene_Omega.jpg,true
BR64-029-071,Resene Outback,jpegs/Resene_Outback.jpg,true
Y57-024-085,Resene Pablo,jpegs/Resene_Pablo.jpg,true
B55-011-232,Resene Pale Sky,jpegs/Resene_Pale_Sky.jpg,true
G50-020-119,Resene Panzano,jpegs/Resene_Panzano.jpg,true
Y86-022-086,Resene Parchment,jpegs/Resene_Parchment.jpg,true
Y77-038-083,Resene Pavlova,jpegs/Resene_Pavlova.jpg,true
G32-023-161,Resene Petanque,jpegs/Resene_Petanque.jpg,true
G70-014-150,Resene Pewter,jpegs/Resene_Pewter.jpg,true
BR53-023-065,Resene Pine Cone,jpegs/Resene_Pine_Cone.jpg,true
N90-003-098,Resene Porcelain,jpegs/Resene_Porcelain.jpg,true
B72-011-221,Resene Powder Blue,jpegs/Resene_Powder_Blue.jpg,true
BR72-016-053,Resene Pristine Lavender,jpegs/Resene_Pristine_Lavender.jpg,true
G80-011-123,Resene Pumice,jpegs/Resene_Pumice.jpg,true
B50-017-273,Resene Quadrant Grey,jpegs/Resene_Quadrant_Grey.jpg,true
Y58-027-086,Resene Quarry Stone,jpegs/Resene_Quarry_Stone.jpg,true
Y88-017-075,Resene Quarter Biscotti,jpegs/Resene_Quarter_Biscotti.jpg,true
Y82-040-079,Resene Quarter Canterbury Clay,jpegs/Resene_Quarter_Canterbury_Clay.jpg,true
N81-004-117,Resene Quarter Delta,jpegs/Resene_Quarter_Delta.jpg,true
Y82-025-071,Resene Quarter Doeskin,jpegs/Resene_Quarter_Doeskin.jpg,true
Y89-015-082,Resene Quarter Fossil,jpegs/Resene_Quarter_Fossil.jpg,true
N46-005-255,Resene Quarter Foundry,jpegs/Resene_Quarter_Foundry.jpg,true
BR79-013-079,Resene Quarter Heathered Grey,jpegs/Resene_Quarter_Heathered_Grey.jpg,true
G82-002-091,Resene Quarter Hillary,jpegs/Resene_Quarter_Hillary.jpg,true
G88-011-094,Resene Quarter Linen,jpegs/Resene_Quarter_Linen.jpg,true
R60-030-030,Resene Quarter Lumberjack,jpegs/Resene_Quarter_Lumberjack.jpg,true
BR79-019-069,Resene Quarter Malta,jpegs/Resene_Quarter_Malta.jpg,true
Y81-013-083,Resene Quarter Napa,jpegs/Resene_Quarter_Napa.jpg,true
N81-008-221,Resene Quarter Powder Blue,jpegs/Resene_Quarter_Powder_Blue.jpg,true
BR75-013-078,Resene Quarter Pravda,jpegs/Resene_Quarter_Pravda.jpg,true
BR69-010-071,Resene Quarter Sandstone,jpegs/Resene_Quarter_Sandstone.jpg,true
N69-001-223,Resene Quarter Scarpa Flow,jpegs/Resene_Quarter_Scarpa_Flow.jpg,true
BR75-009-075,Resene Quarter Stonehenge,jpegs/Resene_Quarter_Stonehenge.jpg,true
Y72-017-084,Resene Quarter Stonewall,jpegs/Resene_Quarter_Stonewall.jpg,true
G77-008-093,Resene Quarter Taupe Grey,jpegs/Resene_Quarter_Taupe_Grey.jpg,true
Y89-010-084,Resene Quarter Tea,jpegs/Resene_Quarter_Tea.jpg,true
N87-007-077,Resene Quarter Truffle,jpegs/Resene_Quarter_Truffle.jpg,true
N84-008-097,Resene Quill Grey,jpegs/Resene_Quill_Grey.jpg,true
G30-012-182,Resene Racing Green,jpegs/Resene_Racing_Green.jpg,true
N80-002-054,Resene Rakaia,jpegs/Resene_Rakaia.jpg,true
G46-018-104,Resene Raptor,jpegs/Resene_Raptor.jpg,true
BR34-020-035,Resene Rebel,jpegs/Resene_Rebel.jpg,true
R32-055-023,Resene Red Baron,jpegs/Resene_Red_Baron.jpg,true
V28-043-285,Resene Redemption Blue,jpegs/Resene_Redemption_Blue.jpg,true
R38-041-036,Resene Redwood,jpegs/Resene_Redwood.jpg,true
N39-008-075,Resene Relic,jpegs/Resene_Relic.jpg,true
R53-035-009,Resene Renaissance,jpegs/Resene_Renaissance.jpg,true
V34-013-289,Resene Revolver,jpegs/Resene_Revolver.jpg,true
B51-010-210,Resene River Bed,jpegs/Resene_River_Bed.jpg,true
G47-022-138,Resene Rivergum,jpegs/Resene_Rivergum.jpg,true
G74-013-143,Resene Robins Egg Blue,jpegs/Resene_Robins_Egg_Blue.jpg,true
BR45-019-063,Resene Rock,jpegs/Resene_Rock.jpg,true
B72-025-255,Resene Rock Blue,jpegs/Resene_Rock_Blue.jpg,true
G59-009-202,Resene Rolling Stone,jpegs/Resene_Rolling_Stone.jpg,true
O50-104-056,Resene Rumour Has It,jpegs/Resene_Rumour_Has_It.jpg,true
BR53-024-042,Resene Russett,jpegs/Resene_Russett.jpg,true
B55-026-213,Resene Sabbatical,jpegs/Resene_Sabbatical.jpg,true
BR45-018-050,Resene Saddle,jpegs/Resene_Saddle.jpg,true
BR36-049-065,Resene Saddle Brown,jpegs/Resene_Saddle_Brown.jpg,true
Y82-042-077,Resene Saloon,jpegs/Resene_Saloon.jpg,true
V51-008-317,Resene Salt Box,jpegs/Resene_Salt_Box.jpg,true
BR61-023-068,Resene Sand Dune,jpegs/Resene_Sand_Dune.jpg,true
BR66-040-068,Resene Sandal,jpegs/Resene_Sandal.jpg,true
BR56-018-073,Resene Sandstone,jpegs/Resene_Sandstone.jpg,true
G56-022-159,Resene Scaramanga,jpegs/Resene_Scaramanga.jpg,true
R36-049-033,Resene Scoria,jpegs/Resene_Scoria.jpg,true
N52-006-333,Resene Scorpion,jpegs/Resene_Scorpion.jpg,true
G84-013-114,Resene Secrets,jpegs/Resene_Secrets.jpg,true
BR78-015-067,Resene Serene,jpegs/Resene_Serene.jpg,true
G74-037-161,Resene Serenity,jpegs/Resene_Serenity.jpg,true
BR70-014-075,Resene Settlement,jpegs/Resene_Settlement.jpg,true
N34-007-264,Resene Shark,jpegs/Resene_Shark.jpg,true
B54-073-210,Resene She'll Be Right,jpegs/Resene_She'll_Be_Right.jpg,true
WW0801,Resene Sheer Black,jpegs/Resene_Sheer_Black.jpg,true
BR75-031-078,Resene Shelter,jpegs/Resene_Shelter.jpg,true
B39-058-250,Resene Shipshape,jpegs/Resene_Shipshape.jpg,true
N65-003-154,Resene Silver Grey,jpegs/Resene_Silver_Grey.jpg,true
N80-006-102,Resene Silver Sand,jpegs/Resene_Silver_Sand.jpg,true
Y80-027-081,Resene Sisal,jpegs/Resene_Sisal.jpg,true
BR34-020-054,Resene Slugger,jpegs/Resene_Slugger.jpg,true
B50-023-212,Resene Smalt Blue,jpegs/Resene_Smalt_Blue.jpg,true
BR76-034-067,Resene Soul,jpegs/Resene_Soul.jpg,true
R80-017-038,Resene Soulmate,jpegs/Resene_Soulmate.jpg,true
BR79-030-070,Resene Sour Dough,jpegs/Resene_Sour_Dough.jpg,true
R27-030-010,Resene Spitfire,jpegs/Resene_Spitfire.jpg,true
BR62-025-066,Resene Squirrel,jpegs/Resene_Squirrel.jpg,true
B36-045-231,Resene St Kilda,jpegs/Resene_St_Kilda.jpg,true
B52-012-262,Resene Steam Roller,jpegs/Resene_Steam_Roller.jpg,true
N42-006-256,Resene Steel Grey,jpegs/Resene_Steel_Grey.jpg,true
BR61-012-073,Resene Stonehenge,jpegs/Resene_Stonehenge.jpg,true
Y59-023-083,Resene Stonewall,jpegs/Resene_Stonewall.jpg,true
B72-025-256,Resene Style Pasifika Lagoon Spray,jpegs/Resene_Style_Pasifika_Lagoon_Spray.jpg,true
B32-025-247,Resene Style Pasifika Ocean Deep,jpegs/Resene_Style_Pasifika_Ocean_Deep.jpg,true
B67-055-207,Resene Such Fun,jpegs/Resene_Such_Fun.jpg,true
B29-058-284,Resene Surfs Up,jpegs/Resene_Surfs_Up.jpg,true
G30-011-198,Resene Swamp,jpegs/Resene_Swamp.jpg,true
BR46-016-074,Resene Tabac,jpegs/Resene_Tabac.jpg,true
BR77-029-074,Resene Tabby,jpegs/Resene_Tabby.jpg,true
Y71-036-087,Resene Tallow,jpegs/Resene_Tallow.jpg,true
G60-010-102,Resene Tapa,jpegs/Resene_Tapa.jpg,true
V30-030-315,Resene Tarot,jpegs/Resene_Tarot.jpg,true
N83-007-142,Resene Tasman,jpegs/Resene_Tasman.jpg,true
Y81-019-081,Resene Tea,jpegs/Resene_Tea.jpg,true
Y67-065-075,Resene Teak,jpegs/Resene_Teak.jpg,true
B39-040-223,Resene Teal Blue,jpegs/Resene_Teal_Blue.jpg,true
BR71-022-037,Resene Thatch,jpegs/Resene_Thatch.jpg,true
Y45-034-089,Resene Thatch Green,jpegs/Resene_Thatch_Green.jpg,true
G37-037-195,Resene Tiber,jpegs/Resene_Tiber.jpg,true
BR77-012-056,Resene Tide,jpegs/Resene_Tide.jpg,true
R38-050-035,Resene Tipping Point,jpegs/Resene_Tipping_Point.jpg,true
WW0811,Resene Tiri,jpegs/Resene_Tiri.jpg,true
O53-077-055,Resene Toffee,jpegs/Resene_Toffee.jpg,true
BR29-018-044,Resene Toorak,jpegs/Resene_Toorak.jpg,true
G28-011-098,Resene Top Gear,jpegs/Resene_Top_Gear.jpg,true
B68-057-214,Resene Toto,jpegs/Resene_Toto.jpg,true
WD036,Resene Touch Wood,jpegs/Resene_Touch_Wood.jpg,true
N72-001-160,Resene Transmission,jpegs/Resene_Transmission.jpg,true
Y69-029-083,Resene Triple Akaroa,jpegs/Resene_Triple_Akaroa.jpg,true
BR69-055-076,Resene Triple Canterbury Clay,jpegs/Resene_Triple_Canterbury_Clay.jpg,true
BR53-044-077,Resene Triple Colins Wicket,jpegs/Resene_Triple_Colins_Wicket.jpg,true
N79-002-103,Resene Triple Concrete,jpegs/Resene_Triple_Concrete.jpg,true
Y51-013-084,Resene Triple Friar Grey,jpegs/Resene_Triple_Friar_Grey.jpg,true
Y60-028-085,Resene Triple Grey Olive,jpegs/Resene_Triple_Grey_Olive.jpg,true
Y59-042-089,Resene Triple Hillary,jpegs/Resene_Triple_Hillary.jpg,true
Y75-027-079,Resene Triple Parchment,jpegs/Resene_Triple_Parchment.jpg,true
BR65-036-076,Resene Triple Pavlova,jpegs/Resene_Triple_Pavlova.jpg,true
BR68-032-078,Resene Triple Sisal,jpegs/Resene_Triple_Sisal.jpg,true
BR72-022-079,Resene Triple Tea,jpegs/Resene_Triple_Tea.jpg,true
R31-059-022,Resene Trouble,jpegs/Resene_Trouble.jpg,true
N45-008-228,Resene Trout,jpegs/Resene_Trout.jpg,true
Y78-011-083,Resene Truffle,jpegs/Resene_Truffle.jpg,true
N39-008-260,Resene Tuna,jpegs/Resene_Tuna.jpg,true
N45-003-047,Resene Tundora,jpegs/Resene_Tundora.jpg,true
Y68-078-073,Resene Twine,jpegs/Resene_Twine.jpg,true
Y63-050-084,Resene Twister,jpegs/Resene_Twister.jpg,true
N27-001-174,Resene Uhi,jpegs/Resene_Uhi.jpg,true
V30-022-316,Resene Valentino,jpegs/Resene_Valentino.jpg,true
G43-064-103,Resene Verdun Green,jpegs/Resene_Verdun_Green.jpg,true
G49-012-146,Resene Viktor,jpegs/Resene_Viktor.jpg,true
V72-022-292,Resene Vision,jpegs/Resene_Vision.jpg,true
V37-046-286,Resene Vortex,jpegs/Resene_Vortex.jpg,true
B41-039-249,Resene Wanaka,jpegs/Resene_Wanaka.jpg,true
B58-020-246,Resene Weathered Blue,jpegs/Resene_Weathered_Blue.jpg,true
N86-007-080,Resene Westar,jpegs/Resene_Westar.jpg,true
N89-007-087,Resene White Pointer,jpegs/Resene_White_Pointer.jpg,true
N88-002-237,Resene White Thunder,jpegs/Resene_White_Thunder.jpg,true
V35-040-293,Resene Wicked,jpegs/Resene_Wicked.jpg,true
O82-032-061,Resene Wildflower,jpegs/Resene_Wildflower.jpg,true
B34-045-255,Resene Wishing Well,jpegs/Resene_Wishing_Well.jpg,true
Y38-025-087,Resene Woodrush,jpegs/Resene_Woodrush.jpg,true
G62-025-136,Resene Xanadu,jpegs/Resene_Xanadu.jpg,true
V44-009-336,Resene Yasna,jpegs/Resene_Yasna.jpg,true
Y80-052-088,Resene Yuma,jpegs/Resene_Yuma.jpg,true
BR50-014-019,Resene Zambezi,jpegs/Resene_Zambezi.jpg,true
R45-073-025,Resene Zinger,jpegs/Resene_Zinger.jpg,true
Y59-114-080,Resene Zion,jpegs/Resene_Zion.jpg,true
